Sample.ID,Sex,Age,Year,month,locality,Lat,Long,Length,Type,Lifestage,State,Species,Region,Place Holder
UA_100319,F,juvenile,2007,6,Cape St. Stephens,51.88082,177.2075831,790,total length,juvenile,,Sea Lion,,
UA_100404,M,juvenile,2007,6,Cape Sabak,52.35833333,173.7266667,1080,total length,juvenile,,Sea Lion,,
UA_101097,M,juvenile,2003,6,Hazy-Grassy Island,56.58935222,-132.4243606,990,total length,juvenile,,Sea Lion,,
UA_101120,F,juvenile,2003,6,Hazy-Grassy Island,56.58935222,-132.4243606,1100,total length,juvenile,,Sea Lion,,
UA_102605,U,,2010,8,Grant Lagoon,57.463614,-154.645436,,,,,Sea Lion,,
UA_110268,F,yearling,2010,11,"Lynn Canal, N of Eagle Beach, next to kayak landing parking lot",58.53915,-134.84837,1310,total length,yearling,,Sea Lion,,
UA_110282,F,neonate,2004,3,Cape Resurrection,59.8731,-149.292956,760,total length,neonate,,Sea Lion,,
UA_110284,F,adult,2010,1,"Lowell Point Road, Resurrection Bay, just north of Storm Chasers shop building.",60.085739,-149.443729,2100,total length,adult,,Sea Lion,,
UA_110709,M,10.38 months,2005,4,Specific locality unknown,51.76041,-176.620651,,,,,Sea Lion,,
UA_110710,F,7.35 months,2000,1,Specific locality unknown,58.562202,-134.910806,,,,,Sea Lion,,
UA_110711,M,7.35 months,2000,1,Specific locality unknown,58.562202,-134.910806,,,,,Sea Lion,,
UA_110712,M,7.49 months,2000,1,Specific locality unknown,58.562202,-134.910806,,,,,Sea Lion,,
UA_110713,F,2.29 months,2004,8,Sea Lion Rocks,54.801791,-133.523154,,,,,Sea Lion,,
UA_110716,M,22.61 months,2000,4,Specific locality unknown,60.872982,-147.440615,,,,,Sea Lion,,
UA_110717,M,10.48 months,2000,4,Specific locality unknown,60.872982,-147.440615,,,,,Sea Lion,,
UA_110718,F,10.48 months,2000,4,Specific locality unknown,60.872982,-147.440615,,,,,Sea Lion,,
UA_110721,M,10.51 months,2000,4,Specific locality unknown,60.872982,-147.440615,,,,,Sea Lion,,
UA_110722,F,10.51 months,2000,4,Specific locality unknown,60.872982,-147.440615,,,,,Sea Lion,,
UA_110724,M,14.45 months,2000,8,Specific locality unknown,60.872982,-147.440615,,,,,Sea Lion,,
UA_110737,F,15.11 months,2000,9,Sail Island,57.348114,-133.720939,,,,,Sea Lion,,
UA_110739,F,15.18 months,2000,9,Sail Island,57.348114,-133.720939,,,,,Sea Lion,,
UA_110740,F,2.98 months,2000,9,Sail Island,57.348114,-133.720939,,,,,Sea Lion,,
UA_110741,M,2.98 months,2000,9,Sail Island,57.348114,-133.720939,,,,,Sea Lion,,
UA_110743,M,2.98 months,2000,9,Sail Island,57.348114,-133.720939,,,,,Sea Lion,,
UA_110744,M,15.21 months,2000,9,Sail Island,57.348114,-133.720939,,,,,Sea Lion,,
UA_110745,M,15.21 months,2000,9,Sail Island,57.348114,-133.720939,,,,,Sea Lion,,
UA_110746,F,3.01 months,2000,9,Sail Island,57.348114,-133.720939,,,,,Sea Lion,,
UA_110747,F,3.01 months,2000,9,Sail Island,57.348114,-133.720939,,,,,Sea Lion,,
UA_110749,M,2.42 months,2000,8,Seal Rocks,60.162505,-146.833314,,,,,Sea Lion,,
UA_110750,M,2.42 months,2000,8,Seal Rocks,60.162505,-146.833314,,,,,Sea Lion,,
UA_110751,F,23.27 months,2004,5,Semisopochnoi Island,51.943307,-179.625207,,,,,Sea Lion,,
UA_110756,M,15.05 months,2000,9,Southwest Brothers Island,57.295176,-133.855464,,,,,Sea Lion,,
UA_110757,F,15.05 months,2000,9,Southwest Brothers Island,57.295176,-133.855464,,,,,Sea Lion,,
UA_110758,M,15.05 months,2000,9,Southwest Brothers Island,57.295176,-133.855464,,,,,Sea Lion,,
UA_110767,M,15.15 months,2000,9,Southwest Brothers Island,57.295176,-133.855464,,,,,Sea Lion,,
UA_110768,F,14.25 months,2001,8,Southwest Brothers Island,57.295176,-133.855464,,,,,Sea Lion,,
UA_110769,M,14.28 months,2001,8,Southwest Brothers Island,57.295176,-133.855464,,,,,Sea Lion,,
UA_110770,M,5.11 months,2002,11,Southwest Brothers Island,57.295176,-133.855464,,,,,Sea Lion,,
UA_110772,F,22.71 months,2000,4,The Needle,60.11192,-147.601654,,,,,Sea Lion,,
UA_110773,M,10.55 months,2000,4,The Needle,60.11192,-147.601654,,,,,Sea Lion,,
UA_110775,F,10.58 months,2000,4,The Needle,60.11192,-147.601654,,,,,Sea Lion,,
UA_110777,M,14.49 months,2000,8,The Needle,60.11192,-147.601654,,,,,Sea Lion,,
UA_110778,M,14.51 months,2000,8,The Needle,60.11192,-147.601654,,,,,Sea Lion,,
UA_110780,M,2.31 months,2000,8,The Needle,60.11192,-147.601654,,,,,Sea Lion,,
UA_110782,F,2.35 months,2000,8,The Needle,60.11192,-147.601654,,,,,Sea Lion,,
UA_110783,F,2.15 months,1999,8,White Sisters,57.633656,-136.254669,,,,,Sea Lion,,
UA_110784,F,2.15 months,1999,8,White Sisters,57.633656,-136.254669,,,,,Sea Lion,,
UA_110786,M,2.18 months,1999,8,White Sisters,57.633656,-136.254669,,,,,Sea Lion,,
UA_110788,F,2.18 months,1999,8,White Sisters,57.633656,-136.254669,,,,,Sea Lion,,
UA_110789,F,2.21 months,1999,8,White Sisters,57.633656,-136.254669,,,,,Sea Lion,,
UA_110791,M,2.21 months,1999,8,White Sisters,57.633656,-136.254669,,,,,Sea Lion,,
UA_110792,F,2.21 months,1999,8,White Sisters,57.633656,-136.254669,,,,,Sea Lion,,
UA_110793,F,2.38 months,2000,8,Wooded Island,57.959426,-152.493071,,,,,Sea Lion,,
UA_110795,M,2.38 months,2000,8,Wooded Island,57.959426,-152.493071,,,,,Sea Lion,,
UA_110796,M,2.41 months,2000,8,Wooded Island,57.959426,-152.493071,,,,,Sea Lion,,
UA_110797,F,8.82 months,2001,3,Specific locality unknown,57.428505,-152.571325,,,,,Sea Lion,,
UA_110802,M,9.02 months,2001,3,Specific locality unknown,57.428505,-152.571325,,,,,Sea Lion,,
UA_110803,M,9.02 months,2001,3,Specific locality unknown,57.428505,-152.571325,,,,,Sea Lion,,
UA_110804,F,9.05 months,2001,3,Specific locality unknown,57.428505,-152.571325,,,,,Sea Lion,,
UA_110805,M,9.05 months,2001,3,Specific locality unknown,57.428505,-152.571325,,,,,Sea Lion,,
UA_110810,M,23.05 months,2001,5,Sunset Island,57.499544,-133.580185,,,,,Sea Lion,,
UA_110811,M,35.22 months,2001,5,Sunset Island,57.499544,-133.580185,,,,,Sea Lion,,
UA_110812,M,10.85 months,2001,5,Sunset Island,57.499544,-133.580185,,,,,Sea Lion,,
UA_110813,F,10.85 months,2001,5,Sunset Island,57.499544,-133.580185,,,,,Sea Lion,,
UA_110816,M,10.88 months,2001,5,Sunset Island,57.499544,-133.580185,,,,,Sea Lion,,
UA_110828,F,1.88 months,2001,8,White Sisters,57.633656,-136.254669,,,,,Sea Lion,,
UA_110829,F,1.88 months,2001,8,White Sisters,57.633656,-136.254669,,,,,Sea Lion,,
UA_110831,M,26.25 months,2001,8,White Sisters,57.633656,-136.254669,,,,,Sea Lion,,
UA_110832,M,1.88 months,2001,8,White Sisters,57.633656,-136.254669,,,,,Sea Lion,,
UA_110833,M,1.91 months,2001,8,White Sisters,57.633656,-136.254669,,,,,Sea Lion,,
UA_110841,M,14.15 months,2001,8,Bieli Rocks,57.088989,-135.48551,,,,,Sea Lion,,
UA_110846,M,14.15 months,2001,8,Bieli Rocks,57.088989,-135.48551,,,,,Sea Lion,,
UA_110847,F,2.02 months,2001,8,Specific locality unknown,55.8757,-134.592711,,,,,Sea Lion,,
UA_110850,F,2.02 months,2001,8,Specific locality unknown,55.8757,-134.592711,,,,,Sea Lion,,
UA_110852,F,14.22 months,2001,8,Southwest Brothers Island,57.295176,-133.855464,,,,,Sea Lion,,
UA_110853,M,14.22 months,2001,8,Southwest Brothers Island,57.295176,-133.855464,,,,,Sea Lion,,
UA_110855,M,14.25 months,2001,8,Southwest Brothers Island,57.295176,-133.855464,,,,,Sea Lion,,
UA_110857,F,14.28 months,2001,8,Southwest Brothers Island,57.295176,-133.855464,,,,,Sea Lion,,
UA_110869,M,3.02 months,2001,9,Specific locality unknown,54.209576,-164.824313,,,,,Sea Lion,,
UA_110870,F,3.11 months,2001,9,Cape Morgan,54.059048,-166.034876,,,,,Sea Lion,,
UA_110871,M,3.11 months,2001,9,Cape Morgan,54.059048,-166.034876,,,,,Sea Lion,,
UA_110873,F,3.11 months,2001,9,Cape Morgan,54.059048,-166.034876,,,,,Sea Lion,,
UA_110877,F,3.11 months,2001,9,Cape Morgan,54.059048,-166.034876,,,,,Sea Lion,,
UA_110878,M,15.32 months,2001,9,Cape Morgan,54.059048,-166.034876,,,,,Sea Lion,,
UA_110879,M,4.78 months,2001,11,The Needle,60.11192,-147.601654,,,,,Sea Lion,,
UA_110880,M,4.78 months,2001,11,The Needle,60.11192,-147.601654,,,,,Sea Lion,,
UA_110881,F,4.82 months,2001,11,Specific locality unknown,60.872982,-147.440615,,,,,Sea Lion,,
UA_110883,M,4.82 months,2001,11,Specific locality unknown,60.872982,-147.440615,,,,,Sea Lion,,
UA_110885,F,17.01 months,2001,11,Specific locality unknown,60.872982,-147.440615,,,,,Sea Lion,,
UA_110887,M,4.88 months,2001,11,Specific locality unknown,60.705702,-147.929582,,,,,Sea Lion,,
UA_110888,F,4.88 months,2001,11,Specific locality unknown,60.705702,-147.929582,,,,,Sea Lion,,
UA_110890,F,17.05 months,2001,11,Specific locality unknown,60.705702,-147.929582,,,,,Sea Lion,,
UA_110893,F,4.91 months,2001,11,Specific locality unknown,60.705702,-147.929582,,,,,Sea Lion,,
UA_110894,F,4.91 months,2001,11,Specific locality unknown,60.705702,-147.929582,,,,,Sea Lion,,
UA_110895,M,17.08 months,2001,11,Specific locality unknown,60.705702,-147.929582,,,,,Sea Lion,,
UA_110899,F,4.98 months,2001,11,Specific locality unknown,60.705702,-147.929582,,,,,Sea Lion,,
UA_110900,F,4.98 months,2001,11,Specific locality unknown,60.705702,-147.929582,,,,,Sea Lion,,
UA_110902,F,4.98 months,2001,11,Specific locality unknown,60.705702,-147.929582,,,,,Sea Lion,,
UA_110903,F,17.18 months,2001,11,Specific locality unknown,60.705702,-147.929582,,,,,Sea Lion,,
UA_110904,F,17.18 months,2001,11,Specific locality unknown,60.705702,-147.929582,,,,,Sea Lion,,
UA_110908,M,9.65 months,2002,3,Specific locality unknown,52.082071,-173.608352,,,,,Sea Lion,,
UA_110911,F,9.78 months,2002,4,Oglala Point,51.869134,-176.29104,,,,,Sea Lion,,
UA_110915,M,9.89 months,2002,4,Oglala Point,51.869134,-176.29104,,,,,Sea Lion,,
UA_110916,M,11.12 months,2002,5,Specific locality unknown,60.872982,-147.440615,,,,,Sea Lion,,
UA_110920,M,23.32 months,2002,5,Specific locality unknown,60.872982,-147.440615,,,,,Sea Lion,,
UA_110923,M,23.35 months,2002,5,Specific locality unknown,60.872982,-147.440615,,,,,Sea Lion,,
UA_110926,M,23.38 months,2002,5,The Needle,60.11192,-147.601654,,,,,Sea Lion,,
UA_110929,M,11.25 months,2002,5,The Needle,60.11192,-147.601654,,,,,Sea Lion,,
UA_110930,M,11.25 months,2002,5,The Needle,60.11192,-147.601654,,,,,Sea Lion,,
UA_110937,M,23.48 months,2002,5,Procession Rocks,60.006079,-148.285537,,,,,Sea Lion,,
UA_110938,F,11.35 months,2002,5,The Needle,60.11192,-147.601654,,,,,Sea Lion,,
UA_110942,F,12.28 months,2002,6,Southwest Brothers Island,57.295176,-133.855464,,,,,Sea Lion,,
UA_110944,F,24.48 months,2002,6,Southwest Brothers Island,57.295176,-133.855464,,,,,Sea Lion,,
UA_110945,M,12.31 months,2002,6,Southwest Brothers Island,57.295176,-133.855464,,,,,Sea Lion,,
UA_110946,F,24.48 months,2002,6,Southwest Brothers Island,57.295176,-133.855464,,,,,Sea Lion,,
UA_110950,M,12.35 months,2002,6,Southwest Brothers Island,57.295176,-133.855464,,,,,Sea Lion,,
UA_110951,M,12.35 months,2002,6,Southwest Brothers Island,57.295176,-133.855464,,,,,Sea Lion,,
UA_110953,M,12.35 months,2002,6,Southwest Brothers Island,57.295176,-133.855464,,,,,Sea Lion,,
UA_110955,M,12.38 months,2002,6,Sunset Island,57.499544,-133.580185,,,,,Sea Lion,,
UA_110956,M,12.38 months,2002,6,Sunset Island,57.499544,-133.580185,,,,,Sea Lion,,
UA_110957,F,12.38 months,2002,6,Sunset Island,57.499544,-133.580185,,,,,Sea Lion,,
UA_110958,F,24.55 months,2002,6,Sunset Island,57.499544,-133.580185,,,,,Sea Lion,,
UA_110959,M,15.11 months,2002,9,The Needle,60.11192,-147.601654,,,,,Sea Lion,,
UA_110960,M,15.11 months,2002,9,The Needle,60.11192,-147.601654,,,,,Sea Lion,,
UA_110962,M,15.22 months,2002,9,Specific locality unknown,60.872982,-147.440615,,,,,Sea Lion,,
UA_110965,M,3.08 months,2002,9,Specific locality unknown,60.872982,-147.440615,,,,,Sea Lion,,
UA_110966,M,27.41 months,2002,9,Specific locality unknown,60.872982,-147.440615,,,,,Sea Lion,,
UA_110967,F,15.28 months,2002,9,Specific locality unknown,60.705702,-147.929582,,,,,Sea Lion,,
UA_110968,M,27.45 months,2002,9,Specific locality unknown,60.705702,-147.929582,,,,,Sea Lion,,
UA_110970,F,3.11 months,2002,9,Specific locality unknown,60.705702,-147.929582,,,,,Sea Lion,,
UA_110971,F,3.11 months,2002,9,Specific locality unknown,60.705702,-147.929582,,,,,Sea Lion,,
UA_110974,F,3.15 months,2002,9,Specific locality unknown,60.705702,-147.929582,,,,,Sea Lion,,
UA_110977,M,17.25 months,2002,11,Southwest Brothers Island,57.295176,-133.855464,,,,,Sea Lion,,
UA_110979,M,17.25 months,2002,11,Southwest Brothers Island,57.295176,-133.855464,,,,,Sea Lion,,
UA_110985,M,17.35 months,2002,11,West Brothers Island,57.296409,-133.839979,,,,,Sea Lion,,
UA_110987,M,5.18 months,2002,11,West Brothers Island,57.296409,-133.839979,,,,,Sea Lion,,
UA_110989,F,17.41 months,2002,11,Specific locality unknown,58.562202,-134.910806,,,,,Sea Lion,,
UA_110991,F,17.45 months,2002,11,Specific locality unknown,58.562202,-134.910806,,,,,Sea Lion,,
UA_110997,F,5.33 months,2002,11,Specific locality unknown,58.562202,-134.910806,,,,,Sea Lion,,
UA_110999,F,21.7 months,2003,3,Yunaska Island,52.631262,-170.696206,,,,,Sea Lion,,
UA_111000,F,9.53 months,2003,3,Yunaska Island,52.631262,-170.696206,,,,,Sea Lion,,
UA_111002,F,9.53 months,2003,3,Yunaska Island,52.631262,-170.696206,,,,,Sea Lion,,
UA_111003,F,9.63 months,2003,3,Oglala Point,51.869134,-176.29104,,,,,Sea Lion,,
UA_111004,F,9.63 months,2003,3,Oglala Point,51.869134,-176.29104,,,,,Sea Lion,,
UA_111005,F,21.8 months,2003,3,Oglala Point,51.869134,-176.29104,,,,,Sea Lion,,
UA_111006,F,9.67 months,2003,4,Oglala Point,51.869134,-176.29104,,,,,Sea Lion,,
UA_111007,M,9.7 months,2003,4,Oglala Point,51.869134,-176.29104,,,,,Sea Lion,,
UA_111009,M,4.57 months,2003,10,Specific locality unknown,58.562202,-134.910806,,,,,Sea Lion,,
UA_111010,M,8.3 months,2004,2,Specific locality unknown,58.562202,-134.910806,,,,,Sea Lion,,
UA_111012,F,16.77 months,2003,10,Little Island,58.54137,-135.045892,,,,,Sea Lion,,
UA_111013,M,28.93 months,2003,10,Little Island,58.54137,-135.045892,,,,,Sea Lion,,
UA_111015,M,28.93 months,2003,10,Little Island,58.54137,-135.045892,,,,,Sea Lion,,
UA_111016,M,16.8 months,2003,11,Little Island,58.54137,-135.045892,,,,,Sea Lion,,
UA_111020,M,16.83 months,2003,11,Little Island,58.54137,-135.045892,,,,,Sea Lion,,
UA_111023,M,4.7 months,2003,11,Specific locality unknown,58.562202,-134.910806,,,,,Sea Lion,,
UA_111025,M,16.87 months,2003,11,Specific locality unknown,58.562202,-134.910806,,,,,Sea Lion,,
UA_111026,F,4.7 months,2003,11,Specific locality unknown,58.562202,-134.910806,,,,,Sea Lion,,
UA_111028,M,4.7 months,2003,11,Specific locality unknown,58.562202,-134.910806,,,,,Sea Lion,,
UA_111029,M,5.03 months,2003,11,Specific locality unknown,60.705702,-147.929582,,,,,Sea Lion,,
UA_111030,F,17.2 months,2003,11,Specific locality unknown,60.705702,-147.929582,,,,,Sea Lion,,
UA_111033,M,5.07 months,2003,11,Specific locality unknown,60.705702,-147.929582,,,,,Sea Lion,,
UA_111037,F,17.3 months,2003,11,Specific locality unknown,60.872982,-147.440615,,,,,Sea Lion,,
UA_111038,F,5.17 months,2003,11,Specific locality unknown,60.872982,-147.440615,,,,,Sea Lion,,
UA_111040,M,17.33 months,2003,11,Specific locality unknown,60.872982,-147.440615,,,,,Sea Lion,,
UA_111048,M,5.27 months,2003,11,Specific locality unknown,60.705702,-147.929582,,,,,Sea Lion,,
UA_111050,M,20.67 months,2005,2,Specific locality unknown,60.872982,-147.440615,,,,,Sea Lion,,
UA_111056,M,20.47 months,2004,2,Specific locality unknown,58.562202,-134.910806,,,,,Sea Lion,,
UA_111057,F,8.33 months,2004,2,Specific locality unknown,58.562202,-134.910806,,,,,Sea Lion,,
UA_111059,M,8.37 months,2004,2,Specific locality unknown,58.562202,-134.910806,,,,,Sea Lion,,
UA_111060,F,8.37 months,2004,2,Specific locality unknown,58.562202,-134.910806,,,,,Sea Lion,,
UA_111066,F,8.5 months,2004,2,Specific locality unknown,58.562202,-134.910806,,,,,Sea Lion,,
UA_111067,F,8.5 months,2004,2,Specific locality unknown,58.562202,-134.910806,,,,,Sea Lion,,
UA_111068,M,8.53 months,2004,2,Specific locality unknown,58.562202,-134.910806,,,,,Sea Lion,,
UA_111070,M,20.7 months,2004,2,Specific locality unknown,58.562202,-134.910806,,,,,Sea Lion,,
UA_111072,M,10.87 months,2004,5,Oglala Point,51.869134,-176.29104,,,,,Sea Lion,,
UA_111074,M,10.9 months,2004,5,Silak Island,51.8136,-176.243766,,,,,Sea Lion,,
UA_111079,M,35.63 months,2004,5,Billings Head,54.283539,-165.481323,,,,,Sea Lion,,
UA_111084,F,26.53 months,2004,8,Southwest Brothers Island,57.295176,-133.855464,,,,,Sea Lion,,
UA_111087,M,14.37 months,2004,8,Southwest Brothers Island,57.295176,-133.855464,,,,,Sea Lion,,
UA_111088,M,2.2 months,2004,8,Specific locality unknown,55.8757,-134.592711,,,,,Sea Lion,,
UA_111090,M,2.2 months,2004,8,Specific locality unknown,55.8757,-134.592711,,,,,Sea Lion,,
UA_111091,F,2.2 months,2004,8,Specific locality unknown,55.8757,-134.592711,,,,,Sea Lion,,
UA_111095,F,2.23 months,2004,8,Shore 11 South,54.801791,-133.523154,,,,,Sea Lion,,
UA_111096,F,2.23 months,2004,8,Shore 11 South,54.801791,-133.523154,,,,,Sea Lion,,
UA_111097,F,2.23 months,2004,8,Shore 11 South,54.801791,-133.523154,,,,,Sea Lion,,
UA_111098,F,2.23 months,2004,8,Shore 11 South,54.801791,-133.523154,,,,,Sea Lion,,
UA_111099,M,2.28 months,2004,8,Shore 11 South,54.801791,-133.523154,,,,,Sea Lion,,
UA_111101,M,2.29 months,2004,8,Sea Lion Rocks,54.801791,-133.523154,,,,,Sea Lion,,
UA_111106,M,2.31 months,2004,8,North Rocks,54.834272,-133.530914,,,,,Sea Lion,,
UA_111109,F,2.32 months,2004,8,Sea Lion Rocks,54.801791,-133.523154,,,,,Sea Lion,,
UA_111112,M,26.73 months,2004,8,Sail Island,57.348114,-133.720939,,,,,Sea Lion,,
UA_111114,M,8.47 months,2005,2,Specific locality unknown,60.872982,-147.440615,,,,,Sea Lion,,
UA_111115,M,7.33 months,2005,1,Specific locality unknown,60.705702,-147.929582,,,,,Sea Lion,,
UA_111116,M,7.33 months,2005,1,Specific locality unknown,60.705702,-147.929582,,,,,Sea Lion,,
UA_111119,M,7.33 months,2005,1,Specific locality unknown,60.705702,-147.929582,,,,,Sea Lion,,
UA_111120,M,8.37 months,2005,2,Specific locality unknown,60.705702,-147.929582,,,,,Sea Lion,,
UA_111121,M,7.33 months,2005,1,Specific locality unknown,60.705702,-147.929582,,,,,Sea Lion,,
UA_111122,M,7.37 months,2005,1,Specific locality unknown,60.705702,-147.929582,,,,,Sea Lion,,
UA_111127,F,7.37 months,2005,1,Specific locality unknown,60.705702,-147.929582,,,,,Sea Lion,,
UA_111129,F,7.37 months,2005,1,Specific locality unknown,60.705702,-147.929582,,,,,Sea Lion,,
UA_111130,F,7.4 months,2005,1,Specific locality unknown,60.705702,-147.929582,,,,,Sea Lion,,
UA_111132,M,7.4 months,2005,1,Specific locality unknown,60.705702,-147.929582,,,,,Sea Lion,,
UA_111133,F,7.43 months,2005,1,Specific locality unknown,60.705702,-147.929582,,,,,Sea Lion,,
UA_111135,M,7.43 months,2005,1,Specific locality unknown,60.705702,-147.929582,,,,,Sea Lion,,
UA_111137,M,7.43 months,2005,1,Specific locality unknown,60.705702,-147.929582,,,,,Sea Lion,,
UA_111144,M,7.47 months,2005,1,Specific locality unknown,60.705702,-147.929582,,,,,Sea Lion,,
UA_111147,F,19.7 months,2005,1,Specific locality unknown,60.872982,-147.440615,,,,,Sea Lion,,
UA_111149,F,7.53 months,2005,1,Specific locality unknown,60.705702,-147.929582,,,,,Sea Lion,,
UA_111150,F,8.57 months,2005,2,Specific locality unknown,60.705702,-147.929582,,,,,Sea Lion,,
UA_111151,F,7.53 months,2005,1,Specific locality unknown,60.705702,-147.929582,,,,,Sea Lion,,
UA_111152,M,7.53 months,2005,1,Specific locality unknown,60.705702,-147.929582,,,,,Sea Lion,,
UA_111153,M,7.6 months,2005,1,Specific locality unknown,60.872982,-147.440615,,,,,Sea Lion,,
UA_111154,M,7.6 months,2005,1,Specific locality unknown,60.872982,-147.440615,,,,,Sea Lion,,
UA_111155,M,7.6 months,2005,1,Specific locality unknown,60.872982,-147.440615,,,,,Sea Lion,,
UA_111158,M,20.6 months,2005,2,Specific locality unknown,60.872982,-147.440615,,,,,Sea Lion,,
UA_111159,F,20.63 months,2005,2,Specific locality unknown,60.872982,-147.440615,,,,,Sea Lion,,
UA_111160,M,20.63 months,2005,2,Specific locality unknown,60.872982,-147.440615,,,,,Sea Lion,,
UA_111162,M,20.73 months,2005,2,Specific locality unknown,60.705702,-147.929582,,,,,Sea Lion,,
UA_111164,M,20.83 months,2005,3,Specific locality unknown,60.705702,-147.929582,,,,,Sea Lion,,
UA_111165,F,10.28 months,2005,4,Silak Island,51.8136,-176.243766,,,,,Sea Lion,,
UA_111167,M,10.3 months,2005,4,Tanaga Island,51.801725,-177.922551,,,,,Sea Lion,,
UA_111168,M,10.38 months,2005,4,Specific locality unknown,51.76041,-176.620651,,,,,Sea Lion,,
UA_111169,M,10.38 months,2005,4,Specific locality unknown,51.76041,-176.620651,,,,,Sea Lion,,
UA_111170,M,10.38 months,2005,4,Specific locality unknown,51.76041,-176.620651,,,,,Sea Lion,,
UA_111171,M,10.38 months,2005,4,Specific locality unknown,51.76041,-176.620651,,,,,Sea Lion,,
UA_111174,M,10.43 months,2005,4,Ship Rock,51.754505,-177.233902,,,,,Sea Lion,,
UA_111175,M,10.47 months,2005,4,Oglala Point,51.869134,-176.29104,,,,,Sea Lion,,
UA_111177,M,10.68 months,2005,5,Semisopochnoi Island,51.943307,-179.625207,,,,,Sea Lion,,
UA_111179,M,10.72 months,2005,5,Specific locality unknown,51.76041,-176.620651,,,,,Sea Lion,,
UA_111180,F,10.72 months,2005,5,Specific locality unknown,51.76041,-176.620651,,,,,Sea Lion,,
UA_111181,M,5.05 months,2005,11,Specific locality unknown,60.705702,-147.929582,,,,,Sea Lion,,
UA_111182,F,9.6 months,2006,3,Specific locality unknown,60.872982,-147.440615,,,,,Sea Lion,,
UA_111183,F,5.05 months,2005,11,Specific locality unknown,60.705702,-147.929582,,,,,Sea Lion,,
UA_111186,F,5.08 months,2005,11,Specific locality unknown,60.705702,-147.929582,,,,,Sea Lion,,
UA_111190,M,5.08 months,2005,11,Specific locality unknown,60.705702,-147.929582,,,,,Sea Lion,,
UA_111195,M,5.11 months,2005,11,Specific locality unknown,60.705702,-147.929582,,,,,Sea Lion,,
UA_111197,F,5.15 months,2005,11,Specific locality unknown,60.705702,-147.929582,,,,,Sea Lion,,
UA_111200,F,9.9 months,2006,4,The Needle,60.11192,-147.601654,,,,,Sea Lion,,
UA_111201,M,10 months,2006,4,Specific locality unknown,60.872982,-147.440615,,,,,Sea Lion,,
UA_111203,M,5.18 months,2005,11,Specific locality unknown,60.705702,-147.929582,,,,,Sea Lion,,
UA_111204,M,5.18 months,2005,11,Specific locality unknown,60.705702,-147.929582,,,,,Sea Lion,,
UA_111207,M,5.18 months,2005,11,Specific locality unknown,60.705702,-147.929582,,,,,Sea Lion,,
UA_111210,F,9.7 months,2006,4,Specific locality unknown,60.872982,-147.440615,,,,,Sea Lion,,
UA_111211,F,5.23 months,2005,11,Specific locality unknown,60.705702,-147.929582,,,,,Sea Lion,,
UA_111212,F,5.23 months,2005,11,Specific locality unknown,60.705702,-147.929582,,,,,Sea Lion,,
UA_111215,M,4.92 months,2007,11,Specific locality unknown,60.705702,-147.929582,,,,,Sea Lion,,
UA_111216,M,4.92 months,2007,11,Specific locality unknown,60.705702,-147.929582,,,,,Sea Lion,,
UA_111219,M,9.83 months,2008,4,Specific locality unknown,60.872982,-147.440615,,,,,Sea Lion,,
UA_111221,F,5.01 months,2007,11,Specific locality unknown,60.705702,-147.929582,,,,,Sea Lion,,
UA_111222,M,5.01 months,2007,11,Specific locality unknown,60.705702,-147.929582,,,,,Sea Lion,,
UA_111223,F,5.01 months,2007,11,Specific locality unknown,60.705702,-147.929582,,,,,Sea Lion,,
UA_111225,F,5.01 months,2007,11,Specific locality unknown,60.705702,-147.929582,,,,,Sea Lion,,
UA_111228,F,5.08 months,2007,11,Specific locality unknown,60.705702,-147.929582,,,,,Sea Lion,,
UA_111230,F,5.08 months,2007,11,Specific locality unknown,60.705702,-147.929582,,,,,Sea Lion,,
UA_111231,M,5.08 months,2007,11,Specific locality unknown,60.705702,-147.929582,,,,,Sea Lion,,
UA_111232,M,10.17 months,2008,4,Specific locality unknown,60.705702,-147.929582,,,,,Sea Lion,,
UA_111233,F,9.83 months,2008,4,Specific locality unknown,60.872982,-147.440615,,,,,Sea Lion,,
UA_111234,F,5.08 months,2007,11,Specific locality unknown,60.705702,-147.929582,,,,,Sea Lion,,
UA_111235,F,9.9 months,2008,4,Specific locality unknown,60.872982,-147.440615,,,,,Sea Lion,,
UA_111237,U,9.77 months,2008,4,Specific locality unknown,60.872982,-147.440615,,,,,Sea Lion,,
UA_111238,U,5.11 months,2007,11,Specific locality unknown,60.705702,-147.929582,,,,,Sea Lion,,
UA_111239,F,5.11 months,2007,11,Specific locality unknown,60.705702,-147.929582,,,,,Sea Lion,,
UA_111243,M,5.11 months,2007,11,Specific locality unknown,60.705702,-147.929582,,,,,Sea Lion,,
UA_111244,M,5.11 months,2007,11,Specific locality unknown,60.705702,-147.929582,,,,,Sea Lion,,
UA_111248,M,5.15 months,2007,11,Specific locality unknown,60.872982,-147.440615,,,,,Sea Lion,,
UA_111251,M,9.83 months,2008,4,Specific locality unknown,60.872982,-147.440615,,,,,Sea Lion,,
UA_111252,F,5.18 months,2007,11,Specific locality unknown,60.872982,-147.440615,,,,,Sea Lion,,
UA_111257,M,5.21 months,2007,11,Specific locality unknown,60.705702,-147.929582,,,,,Sea Lion,,
UA_111258,M,9.93 months,2008,4,Specific locality unknown,60.705702,-147.929582,,,,,Sea Lion,,
UA_111259,M,5.21 months,2007,11,Specific locality unknown,60.705702,-147.929582,,,,,Sea Lion,,
UA_111260,F,5.21 months,2007,11,Specific locality unknown,60.705702,-147.929582,,,,,Sea Lion,,
UA_111261,F,5.21 months,2007,11,Specific locality unknown,60.705702,-147.929582,,,,,Sea Lion,,
UA_111266,M,17 months,2009,11,Specific locality unknown,58.643392,-136.044755,,,,,Sea Lion,,
UA_111269,F,5 months,2009,11,Specific locality unknown,58.643392,-136.044755,,,,,Sea Lion,,
UA_111270,M,5 months,2009,11,Specific locality unknown,58.643392,-136.044755,,,,,Sea Lion,,
UA_111274,F,5 months,2009,11,Specific locality unknown,58.643392,-136.044755,,,,,Sea Lion,,
UA_111276,F,5 months,2009,11,Specific locality unknown,58.643392,-136.044755,,,,,Sea Lion,,
UA_111277,F,5 months,2009,11,Specific locality unknown,58.643392,-136.044755,,,,,Sea Lion,,
UA_111278,F,5 months,2009,11,Specific locality unknown,58.643392,-136.044755,,,,,Sea Lion,,
UA_111281,F,5 months,2009,11,Specific locality unknown,58.643392,-136.044755,,,,,Sea Lion,,
UA_111284,F,5 months,2009,11,Specific locality unknown,58.643392,-136.044755,,,,,Sea Lion,,
UA_111285,F,5 months,2009,11,Specific locality unknown,58.643392,-136.044755,,,,,Sea Lion,,
UA_111286,M,17 months,2009,11,Specific locality unknown,58.643392,-136.044755,,,,,Sea Lion,,
UA_111287,F,5 months,2009,11,Specific locality unknown,58.643392,-136.044755,,,,,Sea Lion,,
UA_111288,M,5 months,2009,11,Specific locality unknown,58.643392,-136.044755,,,,,Sea Lion,,
UA_111290,F,5 months,2009,11,Specific locality unknown,58.643392,-136.044755,,,,,Sea Lion,,
UA_111291,F,17 months,2009,11,Specific locality unknown,58.643392,-136.044755,,,,,Sea Lion,,
UA_111295,F,2.23 months,2004,8,Shore 11 South,54.801791,-133.523154,,,,,Sea Lion,,
UA_111300,F,5.05 months,2005,11,Specific locality unknown,60.705702,-147.929582,,,,,Sea Lion,,
UA_111302,M,5.08 months,2005,11,Specific locality unknown,60.705702,-147.929582,,,,,Sea Lion,,
UA_111303,F,9.6 months,2006,3,Specific locality unknown,60.872982,-147.440615,,,,,Sea Lion,,
UA_111307,F,10.13 months,2008,4,Specific locality unknown,60.872982,-147.440615,,,,,Sea Lion,,
UA_111311,M,8.53 months,2004,2,Specific locality unknown,58.562202,-134.910806,,,,,Sea Lion,,
UA_111312,F,17.31 months,2002,11,West Brothers Island,57.296409,-133.839979,,,,,Sea Lion,,
UA_111313,F,8.53 months,2004,2,Specific locality unknown,58.562202,-134.910806,,,,,Sea Lion,,
UA_111314,M,14.37 months,2004,8,Southwest Brothers Island,57.295176,-133.855464,,,,,Sea Lion,,
UA_111315,M,14.57 months,2004,8,Sail Island,57.348114,-133.720939,,,,,Sea Lion,,
UA_111318,M,8.5 months,2004,2,Specific locality unknown,58.562202,-134.910806,,,,,Sea Lion,,
UA_111319,M,17.28 months,2002,11,Southwest Brothers Island,57.295176,-133.855464,,,,,Sea Lion,,
UA_111320,M,12.28 months,2002,6,Southwest Brothers Island,57.295176,-133.855464,,,,,Sea Lion,,
UA_111323,M,4.95 months,2001,11,Specific locality unknown,60.705702,-147.929582,,,,,Sea Lion,,
UA_111325,M,9.7 months,2006,4,Specific locality unknown,60.872982,-147.440615,,,,,Sea Lion,,
UA_111326,M,5.23 months,2005,11,Specific locality unknown,60.705702,-147.929582,,,,,Sea Lion,,
UA_111327,M,4.95 months,2001,11,Specific locality unknown,60.705702,-147.929582,,,,,Sea Lion,,
UA_111328,F,9.67 months,2006,4,Specific locality unknown,60.872982,-147.440615,,,,,Sea Lion,,
UA_111331,M,5.18 months,2005,11,Specific locality unknown,60.705702,-147.929582,,,,,Sea Lion,,
UA_111333,F,11.35 months,2002,5,The Needle,60.11192,-147.601654,,,,,Sea Lion,,
UA_111334,M,11.12 months,2002,5,Specific locality unknown,60.872982,-147.440615,,,,,Sea Lion,,
UA_111335,M,11.12 months,2002,5,Specific locality unknown,60.872982,-147.440615,,,,,Sea Lion,,
UA_111337,M,11.25 months,2002,5,The Needle,60.11192,-147.601654,,,,,Sea Lion,,
UA_111338,M,8.92 months,2001,3,Sea Otter Island,58.52265,-152.217827,,,,,Sea Lion,,
UA_111339,F,5.28 months,2002,11,Specific locality unknown,58.562202,-134.910806,,,,,Sea Lion,,
UA_111340,F,5.33 months,2002,11,Specific locality unknown,58.562202,-134.910806,,,,,Sea Lion,,
UA_111341,M,23.48 months,2002,5,Procession Rocks,60.006079,-148.285537,,,,,Sea Lion,,
UA_111347,U,0 months,2000,1,Procession Rocks,60.006079,-148.285537,,,,,Sea Lion,,
UA_111350,U,0 months,2000,1,Semisopochnoi Island,51.943307,-179.625207,,,,,Sea Lion,,
UA_111351,U,0 months,2000,1,Southwest Brothers Island,57.295176,-133.855464,,,,,Sea Lion,,
UA_111352,U,0 months,2000,1,Sunset Island,57.499544,-133.580185,,,,,Sea Lion,,
UA_111354,U,0 months,2000,1,Specific locality unknown,55.8757,-134.592711,,,,,Sea Lion,,
UA_111357,U,0 months,2000,1,Silak Island,51.8136,-176.243766,,,,,Sea Lion,,
UA_113877,M,adult,2009,12,"Broad Bay, Unalaska Bay",57.053039,-135.33,3200,total length,adult,,Sea Lion,,
UA_11470,M,adult,1974,7,,57.05,-170.4,,,adult,,Sea Lion,,
UA_11502,F,juvenile,1956,2,Kenai,60.55416667,-151.2588889,,,juvenile,,Sea Lion,,
UA_11504,F,first year,1974,7,,57.05,-170.4,,,first year,,Sea Lion,,
UA_11505,M,first year,1961,9,Southwest Cape,63.3075,-171.4716667,,,first year,,Sea Lion,,
UA_11510,M,,1965,7,Gambell,63.77972222,-171.7411111,,,,,Sea Lion,,
UA_115630,F,,2005,3,Cape Resurrection,59.871111,-149.2875,,,,,Sea Lion,,
UA_115665,F,,2008,10,Seal Rocks,58.42906,-150.56975,,,,,Sea Lion,,
UA_115804,U,,2011,8,Yakutat,59.54745,-139.728305,,,,,Sea Lion,,
UA_11636,F,adult,1971,4,ice edge NE of Pribilof Islands,57.08333333,-169.7916667,2438,total length,adult,,Sea Lion,,
UA_117586,M,neonate,2004,6,"Kasatochi Island, Atka Quad, Alaska USA",52.17,-175.5208333,952.5,total length,neonate,,Sea Lion,,
UA_130632,M,pup,2013,5,Chiswell Islands,59.643003,-149.572472,,,pup,,Sea Lion,,
UA_134693,F,juvenile,2011,6,Chiswell Island,59.642,-149.614,,,juvenile,,Sea Lion,,
UA_134699,F,neonate,2015,5,Natoa Island,59.640676,-149.608647,,,neonate,,Sea Lion,,
UA_137786,F,,2013,2,Sitka Sound,57.098,-135.487,2315,total length,,,Sea Lion,,
UA_1531,M,adult,1953,6,,57.25,-170.5,,,adult,,Sea Lion,,
UA_18552,F,,1978,4,,58.83333333,-152.0833333,2220,total length,,,Sea Lion,,
UA_24092,U,juvenile,1989,6,Duck Bay,58.1,-152.4666667,,,juvenile,,Sea Lion,,
UA_30426,M,,1995,2,,56.58333333,-169.5833333,,,,,Sea Lion,,
UA_30659,M,,1993,5,NE corner of Gravina Island,55.28333333,-131.6,3630,total length,,,Sea Lion,,
UA_31947,M,adult,1993,6,,57.16666667,-170.25,,,adult,,Sea Lion,,
UA_31949,M,,1994,10,,56.58333333,-169.5833333,,,,,Sea Lion,,
UA_31950,M,,1995,3,,56.58333333,-169.5833333,,,,,Sea Lion,,
UA_31951,M,adult,1993,5,,57.16666667,-170.25,,,adult,,Sea Lion,,
UA_31952,M,,1994,6,,57.16666667,-170.25,,,,,Sea Lion,,
UA_31953,M,,1995,6,,56.58333333,-169.5833333,,,,,Sea Lion,,
UA_31955,M,,1995,6,East Cliffs,56.58333333,-169.5833333,,,,,Sea Lion,,
UA_31958,U,,1995,5,,57.16666667,-170.25,,,,,Sea Lion,,
UA_31959,M,,1995,5,,57.16666667,-170.25,,,,,Sea Lion,,
UA_31962,M,,1995,6,,57.16666667,-170.25,,,,,Sea Lion,,
UA_31963,M,,1995,6,,57.16666667,-170.25,,,,,Sea Lion,,
UA_32732,M,,1994,5,,57.16666667,-170.25,,,,,Sea Lion,,
UA_33979,M,,1994,10,,57.16666667,-170.25,,,,,Sea Lion,,
UA_35426,M,,1994,12,,57.11666667,-170.2666667,,,,,Sea Lion,,
UA_4233,M,adult,1956,7,,59.91666667,-147.4166667,,,adult,,Sea Lion,,
UA_43368,F,,1996,4,Zapadni,56.58333333,-169.5833333,,,,,Sea Lion,,
UA_43370,M,,1996,5,E side,56.58333333,-169.5833333,,,,,Sea Lion,,
UA_47290,F,,1997,5,,57.11666667,-170.2666667,,,,,Sea Lion,,
UA_47291,M,,1997,5,,57.11666667,-170.2666667,,,,,Sea Lion,,
UA_47293,F,,1997,4,Dalnoi Point,56.6,-169.7666667,,,,,Sea Lion,,
UA_47295,M,,1996,1,specific locality not recorded,57.18164444,-170.2764761,,,,,Sea Lion,,
UA_47296,M,,1997,3,Dalnoi Point,56.6,-169.7666667,,,,,Sea Lion,,
UA_47297,M,,1997,5,,57.11666667,-170.2666667,,,,,Sea Lion,,
UA_47306,M,,1997,5,,57.11666667,-170.2666667,,,,,Sea Lion,,
UA_5011,U,,1958,3,,55.05,-162.3166667,,,,,Sea Lion,,
UA_50534,M,,1964,5,Sugarloaf Island,58.88333333,-152.0333333,,,,,Sea Lion,,
UA_50535,M,,1964,5,Sugarloaf Island,58.88861111,-152.0386111,,,,,Sea Lion,,
UA_50537,M,,1964,5,Sugarloaf Island,58.88861111,-152.0386111,,,,,Sea Lion,,
UA_50538,M,,1964,5,"Sugarloaf, Barren Islands (questionable)",58.88333333,-152.0333333,,,,,Sea Lion,,
UA_50540,M,,1964,5,Sugarloaf Island,58.88861111,-152.0386111,,,,,Sea Lion,,
UA_51656,M,,1997,4,specific locality unknown,54.13333333,-165.9166667,,,,,Sea Lion,,
UA_51674,M,,1997,2,,57.11666667,-170.2666667,,,,,Sea Lion,,
UA_52246,U,,1995,1,specific locality unknown,54.13333333,-165.9166667,,,,,Sea Lion,,
UA_53760,U,,1993,6,,60.26666667,-145.4166667,,,,,Sea Lion,,
UA_56073,M,,1999,5,Saint Paul Island,57.16666667,-170.25,,,,,Sea Lion,,
UA_56101,M,,1998,5,Sea Lion neck,57.23333333,-170.1,,,,,Sea Lion,,
UA_62410,U,,2000,3,Northeast Point,57.24722222,-170.0972222,,,,,Sea Lion,,
UA_62411,M,yearling,1999,10,Zapadni Reef,56.56666667,-169.65,,,yearling,,Sea Lion,,
UA_62414,M,juvenile,1999,10,Katoui,57.17925278,-170.266405,,,juvenile,,Sea Lion,,
UA_62417,U,,1999,10,Halfway Point,57.16666667,-170.25,,,,,Sea Lion,,
UA_62888,M,,2001,2,Glacier Island,60.86666667,-147.2,,,,,Sea Lion,,
UA_62889,M,,2001,2,Glacier Island,60.86666667,-147.2,,,,,Sea Lion,,
UA_62891,M,,2001,2,Glacier Island,60.86666667,-147.2,,,,,Sea Lion,,
UA_62892,F,,2001,2,Glacier Island,60.86666667,-147.2,,,,,Sea Lion,,
UA_62895,M,,2001,2,Glacier Island,60.86666667,-147.2,,,,,Sea Lion,,
UA_62896,M,,2001,2,Glacier Island,60.86666667,-147.2,,,,,Sea Lion,,
UA_62897,M,,2001,2,Glacier Island,60.86666667,-147.2,,,,,Sea Lion,,
UA_63042,U,,2001,8,S side of mouth of Main Bay,60.55,-148.0333333,,,,,Sea Lion,,
UA_63071,F,,1994,9,Point Steele,60.36666667,-146.1883333,2110,total length,,,Sea Lion,,
UA_63072,F,,1993,12,SE tip of  Island,58.41666667,-134.85,2410,total length,,,Sea Lion,,
UA_64001,F,adult,1987,5,specific locality unknown,51.88,-176.6580556,,,adult,,Sea Lion,,
UA_64105,F,adult,1880,1,North Beach,52.72416667,174.1188889,,,adult,,Sea Lion,,
UA_66469,M,,2000,10,Vostochnie East,57.24166667,-170.1083333,,,,,Sea Lion,,
UA_66470,M,1 years,2000,10,NE point Sea Lion neck,57.247,-170.097,,,,,Sea Lion,,
UA_66471,F,,2001,4,Saint George Island,56.6,-169.5416667,,,,,Sea Lion,,
UA_66472,M,,2001,3,Saint Paul Island,57.16666667,-170.25,,,,,Sea Lion,,
UA_70597,M,,1999,4,"Cannon Beach, Yakutat",59.48333333,-139.7166667,,,,,Sea Lion,,
UA_72009,M,,1998,10,,57.16666667,-170.25,,,,,Sea Lion,,
UA_72012,F,,1999,1,,56.58333333,-169.5833333,,,,,Sea Lion,,
UA_73070,M,Juvenile,1998,5,Northeast Point,57.24722222,-170.0972222,,,,,Sea Lion,,
UA_73071,U,,1998,10,specific locality not recorded,57.18164444,-170.2764761,,,,,Sea Lion,,
UA_79780,M,,1998,5,Kitovi,57.125,-170.2555556,,,,,Sea Lion,,
UA_79781,M,,1998,2,specific locality not recorded,57.18164444,-170.2764761,,,,,Sea Lion,,
UA_79783,F,,1998,2,specific locality not recorded,57.18164444,-170.2764761,,,,,Sea Lion,,
UA_79786,M,,1998,5,Polovina,57.1625,-170.175,,,,,Sea Lion,,
UA_79787,M,,1998,5,Kitovi,57.125,-170.2555556,,,,,Sea Lion,,
UA_79789,M,,1998,1,Dalnoi Point,56.6,-169.7666667,,,,,Sea Lion,,
UA_83270,U,adult,2009,6,Homer City Dock,59.60666667,-151.4316667,2032,total length,adult,,Sea Lion,,
UA_83389,N,,2000,1,specific locality unknown,57.16666667,-170.25,,,,,Sea Lion,,
UA_83391,M,,1999,5,Reef Point,57.10833333,-170.2916667,,,,,Sea Lion,,
UA_83393,M,,1999,11,specific locality unknown,57.16666667,-170.25,,,,,Sea Lion,,
UA_83394,M,,1999,11,specific locality unknown,57.16666667,-170.25,,,,,Sea Lion,,
UA_83508,M,,2001,4,Northeast Point,57.24722222,-170.0972222,,,,,Sea Lion,,
UA_83512,U,,2000,4,Saint Paul Island,57.16666667,-170.25,,,,,Sea Lion,,
UA_83620,M,,1998,5,specific locality unknown,56.583,-169.583,,,,,Sea Lion,,
UA_83804,U,,1999,1,,56.58333333,-169.5833333,,,,,Sea Lion,,
UA_85090,F,,2008,6,Clubbing Rocks,57.71159,-162.444682,,,,,Sea Lion,,
UA_85091,F,,2008,6,specific locality unknown,55.258278,-161.099606,,,,,Sea Lion,,
UA_85092,M,,2008,10,west side of Summers Bay,53.947025,-166.498708,2030,total length,,,Sea Lion,,
UA_85505,F,fetus,2004,3,SSL haulout,58.56229667,-134.9099028,760,total length,fetus,,Sea Lion,,
UA_85507,M,juvenile,2005,2,specific locality not specified,60.70604667,-147.9231678,,,juvenile,,Sea Lion,,
UA_85509,M,fetus,2004,3,SSL haulout,58.56229667,-134.9099028,726,total length,fetus,,Sea Lion,,
UA_87000,M,subadult,2006,1,3.6 miles W of Osviak River mouth,58.76373333,-161.30205,,,subadult,,Sea Lion,,
UA_87015,M,adult,2006,1,Hagemeister Strait,58.75238889,-160.8431667,3.4,total length,adult,,Sea Lion,,
UA_87368,U,fetus,2007,6,specific locality unknown,52.9025,172.9094444,1020,total length,fetus,,Sea Lion,,
UA_87479,F,,2007,6,specific locality unknown,55.775,-155.6583333,1020,total length,,,Sea Lion,,
UA_87483,M,,2007,6,specific locality unknown,55.775,-155.6583333,1120,total length,,,Sea Lion,,
UA_91755,M,juvenile,1999,1,Saint Paul Island,57.16666667,-170.25,920.75,total length,juvenile,,Sea Lion,,
UA_91759,U,fetus,1992,4,1 mi W Rifle Range Pt.,51.54222222,178.9833333,864,total length,fetus,,Sea Lion,,
UA_92552,M,,2000,10,specific locality unknown,60.88275,-147.2044328,,,,,Sea Lion,,
UA_92553,M,,2000,10,specific locality unknown,60.88275,-147.2044328,,,,,Sea Lion,,
UA_92555,M,,2000,10,specific locality unknown,60.88275,-147.2044328,,,,,Sea Lion,,
UA_97384,M,young of year,2003,8,specific locality not recorded,57.17994367,-170.2651938,,,young of year,,Sea Lion,,
UA_97391,M,,2001,11,Vostochni,57.18164444,-170.2764761,,,,,Sea Lion,,
UA_97393,M,juvenile,2001,9,NE point Sea Lion neck,57.247,-170.097,,,juvenile,,Sea Lion,,
UA_97395,M,,2002,4,Tatitlek,60.87070306,-146.6758353,1670,total length,,,Sea Lion,,
UA_97398,M,,2001,7,Nucheck I,60.34223222,-146.632835,,,,,Sea Lion,,
UA_97399,M,,2001,5,North Rookevy,56.57918889,-169.6003875,,,,,Sea Lion,,
UA_97403,M,juvenile,2004,6,White Sisters,57.633,-136.25,,,juvenile,,Sea Lion,,
UA_97407,M,,2003,7,inside mouth of main bay,60.595845,-146.8288,,,,,Sea Lion,,
UA_97408,M,juvenile,2001,10,Northeast Point,57.2500625,-170.1159069,,,juvenile,,Sea Lion,,
UA_97563,M,,1999,4,Cannon Beach,59.48333333,-139.7166667,,,,,Sea Lion,,
UA_97565,M,,1999,5,specific locality unknown,57.4,-170.2761111,,,,,Sea Lion,,
UA_97567,U,,1999,7,Anchorage,61.21805556,-149.9002778,,,,,Sea Lion,,
UA_97608,M,yearling,1999,5,specific locality not recorded,57.18164444,-170.2764761,,,yearling,,Sea Lion,,
UA_97610,M,neonate,2004,6,unknown,52.17258333,-175.5080833,950,total length,neonate,,Sea Lion,,
UA_97795,M,,1998,5,Gorbotch,57,-170,,,,,Sea Lion,,
UA_97880,M,,1975,7,Nanvak Bay,58.60888889,-161.7347222,,,,,Sea Lion,,
UA_99585,M,Young,2005,6,1.5 miles southwest Rocky Point,58.80251667,-160.7138333,,,,,Sea Lion,,
UA_99635,F,juvenile,2005,6,Graves Rock,58.24813333,-136.75575,,,juvenile,,Sea Lion,,
UA_99637,M,,2005,6,Seal Rocks,56.0731,-132.8341833,,,,,Sea Lion,,
UA_99638,M,,2005,7,Seal Rocks,56.0731,-132.8341833,,,,,Sea Lion,,
UA_99639,F,,2005,6,Seal Rocks,56.0731,-132.8341833,,,,,Sea Lion,,
UA_99640,F,,2005,7,Seal Rocks,56.0731,-132.8341833,,,,,Sea Lion,,
UA_99822,F,,2004,7,Off coast of Amchitka Island,51.54222222,-178.9833333,,,,,Sea Lion,,
UA_99823,M,,2004,6,Kasatochi Island,52.17138889,-175.5183333,,,,,Sea Lion,,
UA_mm:84,M,,2006,7,no specific locality recorded,58.549,-160.9555,,,,,Sea Lion,,
UA_100760,M,juvenile,2007,6,specific locality unknown,52.91046917,-169.1579792,980,total length,juvenile,,Sea Lion,,
UA_101118,F,juvenile,2003,6,Hazy-Grassy Island,56.58935222,-132.4243606,950,total length,juvenile,,Sea Lion,,
UA_101224,M,,2007,4,300 yards NE of Petersburg Fisheries Warehouse on Wrangell Narrows,56.81768333,-132.9549167,3200,total length,,,Sea Lion,,
UA_101227,M,juvenile,2000,9,Kupreanof Island,56.793,-133.497,1155,total length,juvenile,,Sea Lion,,
UA_110281,F,adult,2008,5,0.5 mile off of Thumb Point,60.004,-149.3466667,2410,total length,adult,,Sea Lion,,
UA_110294,F,fetus,2008,5,Grand Point,57.094033,-133.1801,898.5,total length,fetus,,Sea Lion,,
UA_110315,F,,2007,7,"4 miles north of Sitka, on small island",57.0795,-135.4124,2050,total length,,,Sea Lion,,
UA_110714,M,10.45 months,2000,4,Specific locality unknown,60.872982,-147.440615,,,,,Sea Lion,,
UA_110715,F,10.45 months,2000,4,Specific locality unknown,60.872982,-147.440615,,,,,Sea Lion,,
UA_110719,F,10.48 months,2000,4,Specific locality unknown,60.872982,-147.440615,,,,,Sea Lion,,
UA_110720,M,10.48 months,2000,4,Specific locality unknown,60.872982,-147.440615,,,,,Sea Lion,,
UA_110723,M,14.42 months,2000,8,Specific locality unknown,60.872982,-147.440615,,,,,Sea Lion,,
UA_110725,M,14.45 months,2000,8,Specific locality unknown,60.872982,-147.440615,,,,,Sea Lion,,
UA_110726,F,14.45 months,2000,8,Specific locality unknown,60.872982,-147.440615,,,,,Sea Lion,,
UA_110727,F,14.45 months,2000,8,Specific locality unknown,60.872982,-147.440615,,,,,Sea Lion,,
UA_110728,M,14.69 months,2000,8,Specific locality unknown,60.872982,-147.440615,,,,,Sea Lion,,
UA_110729,M,14.69 months,2000,8,Specific locality unknown,60.872982,-147.440615,,,,,Sea Lion,,
UA_110730,M,7.37 months,2005,1,Specific locality unknown,60.705702,-147.929582,,,,,Sea Lion,,
UA_110732,F,22.78 months,2000,4,Procession Rocks,60.006079,-148.285537,,,,,Sea Lion,,
UA_110733,M,15.11 months,2000,9,Sail Island,57.348114,-133.720939,,,,,Sea Lion,,
UA_110734,M,2.91 months,2000,9,Sail Island,57.348114,-133.720939,,,,,Sea Lion,,
UA_110735,F,15.11 months,2000,9,Sail Island,57.348114,-133.720939,,,,,Sea Lion,,
UA_110736,M,2.91 months,2000,9,Sail Island,57.348114,-133.720939,,,,,Sea Lion,,
UA_110738,F,27.35 months,2000,9,Sail Island,57.348114,-133.720939,,,,,Sea Lion,,
UA_110742,M,2.98 months,2000,9,Sail Island,57.348114,-133.720939,,,,,Sea Lion,,
UA_110748,M,2.42 months,2000,8,Seal Rocks,60.162505,-146.833314,,,,,Sea Lion,,
UA_110752,M,10.9 months,2004,5,Silak Island,51.8136,-176.243766,,,,,Sea Lion,,
UA_110753,M,15.01 months,2000,9,Southwest Brothers Island,57.295176,-133.855464,,,,,Sea Lion,,
UA_110754,M,15.01 months,2000,9,Southwest Brothers Island,57.295176,-133.855464,,,,,Sea Lion,,
UA_110755,M,2.81 months,2000,9,Southwest Brothers Island,57.295176,-133.855464,,,,,Sea Lion,,
UA_110759,F,15.05 months,2000,9,Southwest Brothers Island,57.295176,-133.855464,,,,,Sea Lion,,
UA_110760,M,15.05 months,2000,9,Southwest Brothers Island,57.295176,-133.855464,,,,,Sea Lion,,
UA_110761,M,2.85 months,2000,9,Southwest Brothers Island,57.295176,-133.855464,,,,,Sea Lion,,
UA_110762,M,15.08 months,2000,9,Southwest Brothers Island,57.295176,-133.855464,,,,,Sea Lion,,
UA_110763,M,2.88 months,2000,9,Southwest Brothers Island,57.295176,-133.855464,,,,,Sea Lion,,
UA_110764,M,27.25 months,2000,9,Southwest Brothers Island,57.295176,-133.855464,,,,,Sea Lion,,
UA_110765,M,27.25 months,2000,9,Southwest Brothers Island,57.295176,-133.855464,,,,,Sea Lion,,
UA_110766,F,15.15 months,2000,9,Southwest Brothers Island,57.295176,-133.855464,,,,,Sea Lion,,
UA_110771,F,22.71 months,2000,4,The Needle,60.11192,-147.601654,,,,,Sea Lion,,
UA_110774,M,10.58 months,2000,4,The Needle,60.11192,-147.601654,,,,,Sea Lion,,
UA_110776,F,26.65 months,2000,8,The Needle,60.11192,-147.601654,,,,,Sea Lion,,
UA_110779,F,14.51 months,2000,8,The Needle,60.11192,-147.601654,,,,,Sea Lion,,
UA_110781,F,2.35 months,2000,8,The Needle,60.11192,-147.601654,,,,,Sea Lion,,
UA_110785,F,2.15 months,1999,8,White Sisters,57.633656,-136.254669,,,,,Sea Lion,,
UA_110787,M,2.18 months,1999,8,White Sisters,57.633656,-136.254669,,,,,Sea Lion,,
UA_110790,F,2.21 months,1999,8,White Sisters,57.633656,-136.254669,,,,,Sea Lion,,
UA_110794,M,2.38 months,2000,8,Wooded Island,57.959426,-152.493071,,,,,Sea Lion,,
UA_110798,F,8.85 months,2001,3,Specific locality unknown,57.428505,-152.571325,,,,,Sea Lion,,
UA_110799,M,8.92 months,2001,3,Sea Otter Island,58.52265,-152.217827,,,,,Sea Lion,,
UA_110800,M,8.92 months,2001,3,Sea Otter Island,58.52265,-152.217827,,,,,Sea Lion,,
UA_110801,M,8.95 months,2001,3,Sea Otter Island,58.52265,-152.217827,,,,,Sea Lion,,
UA_110806,M,10.75 months,2001,5,Southwest Brothers Island,57.295176,-133.855464,,,,,Sea Lion,,
UA_110807,M,22.98 months,2001,5,Southwest Brothers Island,57.295176,-133.855464,,,,,Sea Lion,,
UA_110808,M,10.78 months,2001,5,Southwest Brothers Island,57.295176,-133.855464,,,,,Sea Lion,,
UA_110809,M,10.81 months,2001,5,Southwest Brothers Island,57.295176,-133.855464,,,,,Sea Lion,,
UA_110814,M,10.85 months,2001,5,Sunset Island,57.499544,-133.580185,,,,,Sea Lion,,
UA_110815,M,10.88 months,2001,5,Sunset Island,57.499544,-133.580185,,,,,Sea Lion,,
UA_110817,M,10.88 months,2001,5,Sunset Island,57.499544,-133.580185,,,,,Sea Lion,,
UA_110818,F,23.08 months,2001,5,Sunset Island,57.499544,-133.580185,,,,,Sea Lion,,
UA_110830,F,1.88 months,2001,8,White Sisters,57.633656,-136.254669,,,,,Sea Lion,,
UA_110834,M,1.91 months,2001,8,White Sisters,57.633656,-136.254669,,,,,Sea Lion,,
UA_110835,F,26.28 months,2001,8,White Sisters,57.633656,-136.254669,,,,,Sea Lion,,
UA_110842,F,14.15 months,2001,8,Bieli Rocks,57.088989,-135.48551,,,,,Sea Lion,,
UA_110843,F,14.15 months,2001,8,Bieli Rocks,57.088989,-135.48551,,,,,Sea Lion,,
UA_110844,M,14.15 months,2001,8,Bieli Rocks,57.088989,-135.48551,,,,,Sea Lion,,
UA_110845,M,14.15 months,2001,8,Bieli Rocks,57.088989,-135.48551,,,,,Sea Lion,,
UA_110848,F,2.02 months,2001,8,Specific locality unknown,55.8757,-134.592711,,,,,Sea Lion,,
UA_110849,M,2.02 months,2001,8,Specific locality unknown,55.8757,-134.592711,,,,,Sea Lion,,
UA_110851,M,14.22 months,2001,8,Southwest Brothers Island,57.295176,-133.855464,,,,,Sea Lion,,
UA_110854,M,14.25 months,2001,8,Southwest Brothers Island,57.295176,-133.855464,,,,,Sea Lion,,
UA_110856,M,14.25 months,2001,8,Southwest Brothers Island,57.295176,-133.855464,,,,,Sea Lion,,
UA_110858,M,14.28 months,2001,8,Southwest Brothers Island,57.295176,-133.855464,,,,,Sea Lion,,
UA_110859,M,14.28 months,2001,8,Southwest Brothers Island,57.295176,-133.855464,,,,,Sea Lion,,
UA_110860,F,14.28 months,2001,8,Southwest Brothers Island,57.295176,-133.855464,,,,,Sea Lion,,
UA_110861,F,14.28 months,2001,8,Southwest Brothers Island,57.295176,-133.855464,,,,,Sea Lion,,
UA_110868,F,3.02 months,2001,9,Specific locality unknown,54.209576,-164.824313,,,,,Sea Lion,,
UA_110872,M,3.11 months,2001,9,Cape Morgan,54.059048,-166.034876,,,,,Sea Lion,,
UA_110874,M,3.11 months,2001,9,Cape Morgan,54.059048,-166.034876,,,,,Sea Lion,,
UA_110875,F,3.11 months,2001,9,Cape Morgan,54.059048,-166.034876,,,,,Sea Lion,,
UA_110876,F,3.11 months,2001,9,Cape Morgan,54.059048,-166.034876,,,,,Sea Lion,,
UA_110882,M,16.98 months,2001,11,Specific locality unknown,60.872982,-147.440615,,,,,Sea Lion,,
UA_110884,M,4.85 months,2001,11,Specific locality unknown,60.872982,-147.440615,,,,,Sea Lion,,
UA_110886,F,4.85 months,2001,11,Specific locality unknown,60.872982,-147.440615,,,,,Sea Lion,,
UA_110889,M,17.05 months,2001,11,Specific locality unknown,60.705702,-147.929582,,,,,Sea Lion,,
UA_110891,M,17.05 months,2001,11,Specific locality unknown,60.705702,-147.929582,,,,,Sea Lion,,
UA_110892,F,4.91 months,2001,11,Specific locality unknown,60.705702,-147.929582,,,,,Sea Lion,,
UA_110896,M,4.91 months,2001,11,Specific locality unknown,60.705702,-147.929582,,,,,Sea Lion,,
UA_110897,M,4.91 months,2001,11,Specific locality unknown,60.705702,-147.929582,,,,,Sea Lion,,
UA_110898,F,17.11 months,2001,11,Specific locality unknown,60.705702,-147.929582,,,,,Sea Lion,,
UA_110901,M,17.15 months,2001,11,Specific locality unknown,60.705702,-147.929582,,,,,Sea Lion,,
UA_110905,M,9.58 months,2002,3,Seguam Island,52.327751,-172.474906,,,,,Sea Lion,,
UA_110906,M,9.62 months,2002,3,Seguam Island,52.327751,-172.474906,,,,,Sea Lion,,
UA_110907,M,9.65 months,2002,3,Specific locality unknown,52.082071,-173.608352,,,,,Sea Lion,,
UA_110909,F,9.73 months,2002,4,Tanaga Island,51.801725,-177.922551,,,,,Sea Lion,,
UA_110910,F,9.73 months,2002,4,Tanaga Island,51.801725,-177.922551,,,,,Sea Lion,,
UA_110912,F,9.78 months,2002,4,Oglala Point,51.869134,-176.29104,,,,,Sea Lion,,
UA_110913,M,9.86 months,2002,4,Specific locality unknown,51.76041,-176.620651,,,,,Sea Lion,,
UA_110914,M,9.86 months,2002,4,Specific locality unknown,51.76041,-176.620651,,,,,Sea Lion,,
UA_110917,M,23.28 months,2002,5,Specific locality unknown,60.872982,-147.440615,,,,,Sea Lion,,
UA_110918,M,11.12 months,2002,5,Specific locality unknown,60.872982,-147.440615,,,,,Sea Lion,,
UA_110919,F,11.15 months,2002,5,Specific locality unknown,60.872982,-147.440615,,,,,Sea Lion,,
UA_110921,F,23.32 months,2002,5,Specific locality unknown,60.872982,-147.440615,,,,,Sea Lion,,
UA_110922,M,23.32 months,2002,5,Specific locality unknown,60.872982,-147.440615,,,,,Sea Lion,,
UA_110924,M,11.19 months,2002,5,Specific locality unknown,60.872982,-147.440615,,,,,Sea Lion,,
UA_110925,F,11.22 months,2002,5,The Needle,60.11192,-147.601654,,,,,Sea Lion,,
UA_110927,F,11.22 months,2002,5,The Needle,60.11192,-147.601654,,,,,Sea Lion,,
UA_110928,M,23.38 months,2002,5,The Needle,60.11192,-147.601654,,,,,Sea Lion,,
UA_110931,M,45.13 months,2005,2,Specific locality unknown,60.872982,-147.440615,,,,,Sea Lion,,
UA_110932,M,11.25 months,2002,5,The Needle,60.11192,-147.601654,,,,,Sea Lion,,
UA_110939,F,11.35 months,2002,5,The Needle,60.11192,-147.601654,,,,,Sea Lion,,
UA_110940,F,11.35 months,2002,5,The Needle,60.11192,-147.601654,,,,,Sea Lion,,
UA_110941,F,12.28 months,2002,6,Southwest Brothers Island,57.295176,-133.855464,,,,,Sea Lion,,
UA_110943,F,12.31 months,2002,6,Southwest Brothers Island,57.295176,-133.855464,,,,,Sea Lion,,
UA_110947,M,12.31 months,2002,6,Southwest Brothers Island,57.295176,-133.855464,,,,,Sea Lion,,
UA_110948,M,12.35 months,2002,6,Southwest Brothers Island,57.295176,-133.855464,,,,,Sea Lion,,
UA_110949,F,12.35 months,2002,6,Southwest Brothers Island,57.295176,-133.855464,,,,,Sea Lion,,
UA_110952,M,12.35 months,2002,6,Southwest Brothers Island,57.295176,-133.855464,,,,,Sea Lion,,
UA_110954,F,12.38 months,2002,6,Sunset Island,57.499544,-133.580185,,,,,Sea Lion,,
UA_110961,M,15.22 months,2002,9,Specific locality unknown,60.872982,-147.440615,,,,,Sea Lion,,
UA_110963,M,15.22 months,2002,9,Specific locality unknown,60.872982,-147.440615,,,,,Sea Lion,,
UA_110964,M,15.22 months,2002,9,Specific locality unknown,60.872982,-147.440615,,,,,Sea Lion,,
UA_110969,M,3.11 months,2002,9,Specific locality unknown,60.705702,-147.929582,,,,,Sea Lion,,
UA_110972,F,15.28 months,2002,9,Specific locality unknown,60.705702,-147.929582,,,,,Sea Lion,,
UA_110973,F,3.15 months,2002,9,Specific locality unknown,60.705702,-147.929582,,,,,Sea Lion,,
UA_110975,M,15.35 months,2002,9,Specific locality unknown,60.705702,-147.929582,,,,,Sea Lion,,
UA_110976,M,27.55 months,2002,9,Specific locality unknown,60.872982,-147.440615,,,,,Sea Lion,,
UA_110978,M,5.08 months,2002,11,Southwest Brothers Island,57.295176,-133.855464,,,,,Sea Lion,,
UA_110980,F,5.11 months,2002,11,Southwest Brothers Island,57.295176,-133.855464,,,,,Sea Lion,,
UA_110981,M,5.15 months,2002,11,West Brothers Island,57.296409,-133.839979,,,,,Sea Lion,,
UA_110982,M,17.31 months,2002,11,West Brothers Island,57.296409,-133.839979,,,,,Sea Lion,,
UA_110983,M,5.15 months,2002,11,West Brothers Island,57.296409,-133.839979,,,,,Sea Lion,,
UA_110984,F,17.35 months,2002,11,West Brothers Island,57.296409,-133.839979,,,,,Sea Lion,,
UA_110986,M,5.18 months,2002,11,West Brothers Island,57.296409,-133.839979,,,,,Sea Lion,,
UA_110988,M,29.58 months,2002,11,Specific locality unknown,58.562202,-134.910806,,,,,Sea Lion,,
UA_110990,M,17.41 months,2002,11,Specific locality unknown,58.562202,-134.910806,,,,,Sea Lion,,
UA_110992,M,29.61 months,2002,11,Specific locality unknown,58.562202,-134.910806,,,,,Sea Lion,,
UA_110993,M,17.49 months,2002,11,Specific locality unknown,58.562202,-134.910806,,,,,Sea Lion,,
UA_110994,M,17.49 months,2002,11,Specific locality unknown,58.562202,-134.910806,,,,,Sea Lion,,
UA_110995,M,17 months,2009,11,Specific locality unknown,58.643392,-136.044755,,,,,Sea Lion,,
UA_110996,F,5.32 months,2002,11,Specific locality unknown,58.562202,-134.910806,,,,,Sea Lion,,
UA_110998,M,5.33 months,2002,11,Specific locality unknown,58.562202,-134.910806,,,,,Sea Lion,,
UA_111001,M,9.53 months,2003,3,Yunaska Island,52.631262,-170.696206,,,,,Sea Lion,,
UA_111008,M,16.73 months,2003,10,Specific locality unknown,58.562202,-134.910806,,,,,Sea Lion,,
UA_111011,F,16.77 months,2003,10,Little Island,58.54137,-135.045892,,,,,Sea Lion,,
UA_111014,M,28.93 months,2003,10,Little Island,58.54137,-135.045892,,,,,Sea Lion,,
UA_111017,M,16.8 months,2003,11,Specific locality unknown,58.562202,-134.910806,,,,,Sea Lion,,
UA_111018,F,4.67 months,2003,11,Little Island,58.54137,-135.045892,,,,,Sea Lion,,
UA_111019,F,16.83 months,2003,11,Little Island,58.54137,-135.045892,,,,,Sea Lion,,
UA_111021,M,16.87 months,2003,11,Specific locality unknown,58.562202,-134.910806,,,,,Sea Lion,,
UA_111022,F,4.7 months,2003,11,Specific locality unknown,58.562202,-134.910806,,,,,Sea Lion,,
UA_111024,M,8.33 months,2004,2,Specific locality unknown,58.562202,-134.910806,,,,,Sea Lion,,
UA_111027,M,4.7 months,2003,11,Specific locality unknown,58.562202,-134.910806,,,,,Sea Lion,,
UA_111031,F,17.2 months,2003,11,Specific locality unknown,60.705702,-147.929582,,,,,Sea Lion,,
UA_111032,M,5.07 months,2003,11,Specific locality unknown,60.705702,-147.929582,,,,,Sea Lion,,
UA_111034,F,17.27 months,2003,11,Specific locality unknown,60.872982,-147.440615,,,,,Sea Lion,,
UA_111035,M,41.63 months,2003,11,Specific locality unknown,60.872982,-147.440615,,,,,Sea Lion,,
UA_111036,M,17.3 months,2003,11,Specific locality unknown,60.872982,-147.440615,,,,,Sea Lion,,
UA_111039,M,5.17 months,2003,11,Specific locality unknown,60.872982,-147.440615,,,,,Sea Lion,,
UA_111041,M,5.2 months,2003,11,Specific locality unknown,60.872982,-147.440615,,,,,Sea Lion,,
UA_111042,M,5.2 months,2003,11,Specific locality unknown,60.872982,-147.440615,,,,,Sea Lion,,
UA_111043,M,17.4 months,2003,11,Specific locality unknown,60.705702,-147.929582,,,,,Sea Lion,,
UA_111044,F,17.4 months,2003,11,Specific locality unknown,60.705702,-147.929582,,,,,Sea Lion,,
UA_111045,M,17.4 months,2003,11,Specific locality unknown,60.705702,-147.929582,,,,,Sea Lion,,
UA_111046,F,5.23 months,2003,11,Specific locality unknown,60.705702,-147.929582,,,,,Sea Lion,,
UA_111047,F,17.43 months,2003,11,Specific locality unknown,60.705702,-147.929582,,,,,Sea Lion,,
UA_111049,F,5.27 months,2003,11,Specific locality unknown,60.705702,-147.929582,,,,,Sea Lion,,
UA_111051,M,5.27 months,2003,11,Specific locality unknown,60.705702,-147.929582,,,,,Sea Lion,,
UA_111052,M,5.3 months,2003,11,Specific locality unknown,60.705702,-147.929582,,,,,Sea Lion,,
UA_111053,M,5.3 months,2003,11,Specific locality unknown,60.705702,-147.929582,,,,,Sea Lion,,
UA_111054,M,5.3 months,2003,11,Specific locality unknown,60.705702,-147.929582,,,,,Sea Lion,,
UA_111055,F,5.3 months,2003,11,Specific locality unknown,60.705702,-147.929582,,,,,Sea Lion,,
UA_111058,M,20.53 months,2004,2,Specific locality unknown,58.562202,-134.910806,,,,,Sea Lion,,
UA_111064,M,20.67 months,2004,2,Specific locality unknown,58.562202,-134.910806,,,,,Sea Lion,,
UA_111065,M,8.5 months,2004,2,Specific locality unknown,58.562202,-134.910806,,,,,Sea Lion,,
UA_111069,M,8.53 months,2004,2,Specific locality unknown,58.562202,-134.910806,,,,,Sea Lion,,
UA_111071,M,8.53 months,2004,2,Specific locality unknown,58.562202,-134.910806,,,,,Sea Lion,,
UA_111073,M,10.9 months,2004,5,Oglala Point,51.869134,-176.29104,,,,,Sea Lion,,
UA_111075,M,10.9 months,2004,5,Silak Island,51.8136,-176.243766,,,,,Sea Lion,,
UA_111076,M,10.9 months,2004,5,Silak Island,51.8136,-176.243766,,,,,Sea Lion,,
UA_111077,F,23.37 months,2004,5,Tanaga Island,51.801725,-177.922551,,,,,Sea Lion,,
UA_111078,M,23.47 months,2004,5,Billings Head,54.283539,-165.481323,,,,,Sea Lion,,
UA_111083,M,14.37 months,2004,8,Southwest Brothers Island,57.295176,-133.855464,,,,,Sea Lion,,
UA_111085,M,26.53 months,2004,8,Southwest Brothers Island,57.295176,-133.855464,,,,,Sea Lion,,
UA_111086,F,26.53 months,2004,8,Southwest Brothers Island,57.295176,-133.855464,,,,,Sea Lion,,
UA_111089,M,2.2 months,2004,8,Specific locality unknown,55.8757,-134.592711,,,,,Sea Lion,,
UA_111092,M,2.2 months,2004,8,Specific locality unknown,55.8757,-134.592711,,,,,Sea Lion,,
UA_111093,F,2.2 months,2004,8,Specific locality unknown,55.8757,-134.592711,,,,,Sea Lion,,
UA_111094,M,2.23 months,2004,8,Shore 11 South,54.801791,-133.523154,,,,,Sea Lion,,
UA_111100,M,2.28 months,2004,8,Shore 11 South,54.801791,-133.523154,,,,,Sea Lion,,
UA_111102,M,2.29 months,2004,8,Sea Lion Rocks,54.801791,-133.523154,,,,,Sea Lion,,
UA_111103,M,2.29 months,2004,8,Sea Lion Rocks,54.801791,-133.523154,,,,,Sea Lion,,
UA_111104,F,2.29 months,2004,8,Sea Lion Rocks,54.801791,-133.523154,,,,,Sea Lion,,
UA_111105,F,2.29 months,2004,8,Sea Lion Rocks,54.801791,-133.523154,,,,,Sea Lion,,
UA_111107,M,2.31 months,2004,8,North Rocks,54.834272,-133.530914,,,,,Sea Lion,,
UA_111108,M,2.31 months,2004,8,North Rocks,54.834272,-133.530914,,,,,Sea Lion,,
UA_111110,M,14.57 months,2004,8,Southwest Brothers Island,57.295176,-133.855464,,,,,Sea Lion,,
UA_111111,F,14.57 months,2004,8,Sail Island,57.348114,-133.720939,,,,,Sea Lion,,
UA_111113,M,14.57 months,2004,8,Sail Island,57.348114,-133.720939,,,,,Sea Lion,,
UA_111117,M,8.37 months,2005,2,Specific locality unknown,60.705702,-147.929582,,,,,Sea Lion,,
UA_111118,M,7.33 months,2005,1,Specific locality unknown,60.705702,-147.929582,,,,,Sea Lion,,
UA_111123,M,22.1 months,2006,4,Specific locality unknown,60.872982,-147.440615,,,,,Sea Lion,,
UA_111124,M,7.37 months,2005,1,Specific locality unknown,60.705702,-147.929582,,,,,Sea Lion,,
UA_111125,F,7.37 months,2005,1,Specific locality unknown,60.705702,-147.929582,,,,,Sea Lion,,
UA_111126,F,8.63 months,2005,3,Specific locality unknown,60.705702,-147.929582,,,,,Sea Lion,,
UA_111128,F,22.13 months,2006,4,Specific locality unknown,60.872982,-147.440615,,,,,Sea Lion,,
UA_111131,M,7.4 months,2005,1,Specific locality unknown,60.705702,-147.929582,,,,,Sea Lion,,
UA_111134,M,7.43 months,2005,1,Specific locality unknown,60.705702,-147.929582,,,,,Sea Lion,,
UA_111136,M,8.73 months,2005,3,Specific locality unknown,60.705702,-147.929582,,,,,Sea Lion,,
UA_111138,M,8.37 months,2005,2,Specific locality unknown,60.705702,-147.929582,,,,,Sea Lion,,
UA_111139,M,7.43 months,2005,1,Specific locality unknown,60.705702,-147.929582,,,,,Sea Lion,,
UA_111140,M,8.37 months,2005,2,Specific locality unknown,60.705702,-147.929582,,,,,Sea Lion,,
UA_111141,F,19.67 months,2005,1,Specific locality unknown,60.705702,-147.929582,,,,,Sea Lion,,
UA_111142,M,7.47 months,2005,1,Specific locality unknown,60.705702,-147.929582,,,,,Sea Lion,,
UA_111143,M,8.37 months,2005,2,Specific locality unknown,60.705702,-147.929582,,,,,Sea Lion,,
UA_111145,F,31.87 months,2005,1,Specific locality unknown,60.872982,-147.440615,,,,,Sea Lion,,
UA_111146,F,19.7 months,2005,1,Specific locality unknown,60.872982,-147.440615,,,,,Sea Lion,,
UA_111148,M,7.53 months,2005,1,Specific locality unknown,60.705702,-147.929582,,,,,Sea Lion,,
UA_111156,M,7.6 months,2005,1,Specific locality unknown,60.872982,-147.440615,,,,,Sea Lion,,
UA_111157,M,19.8 months,2005,1,Specific locality unknown,60.872982,-147.440615,,,,,Sea Lion,,
UA_111161,M,20.67 months,2005,2,Specific locality unknown,60.872982,-147.440615,,,,,Sea Lion,,
UA_111163,M,20.8 months,2005,2,Specific locality unknown,60.872982,-147.440615,,,,,Sea Lion,,
UA_111166,F,10.28 months,2005,4,Silak Island,51.8136,-176.243766,,,,,Sea Lion,,
UA_111172,F,10.38 months,2005,4,Specific locality unknown,51.76041,-176.620651,,,,,Sea Lion,,
UA_111173,F,10.43 months,2005,4,Ship Rock,51.754505,-177.233902,,,,,Sea Lion,,
UA_111176,F,10.47 months,2005,4,Oglala Point,51.869134,-176.29104,,,,,Sea Lion,,
UA_111178,M,10.72 months,2005,5,Specific locality unknown,51.76041,-176.620651,,,,,Sea Lion,,
UA_111184,F,5.05 months,2005,11,Specific locality unknown,60.705702,-147.929582,,,,,Sea Lion,,
UA_111185,F,9.73 months,2006,4,Specific locality unknown,60.872982,-147.440615,,,,,Sea Lion,,
UA_111188,F,5.08 months,2005,11,Specific locality unknown,60.705702,-147.929582,,,,,Sea Lion,,
UA_111189,M,9.6 months,2006,3,Specific locality unknown,60.872982,-147.440615,,,,,Sea Lion,,
UA_111191,F,5.08 months,2005,11,Specific locality unknown,60.705702,-147.929582,,,,,Sea Lion,,
UA_111192,M,5.11 months,2005,11,Specific locality unknown,60.705702,-147.929582,,,,,Sea Lion,,
UA_111193,F,5.11 months,2005,11,Specific locality unknown,60.705702,-147.929582,,,,,Sea Lion,,
UA_111194,F,5.11 months,2005,11,Specific locality unknown,60.705702,-147.929582,,,,,Sea Lion,,
UA_111196,F,9.77 months,2006,4,Specific locality unknown,60.872982,-147.440615,,,,,Sea Lion,,
UA_111198,F,5.15 months,2005,11,Specific locality unknown,60.705702,-147.929582,,,,,Sea Lion,,
UA_111199,F,5.15 months,2005,11,Specific locality unknown,60.705702,-147.929582,,,,,Sea Lion,,
UA_111202,M,5.15 months,2005,11,Specific locality unknown,60.705702,-147.929582,,,,,Sea Lion,,
UA_111205,F,5.18 months,2005,11,Specific locality unknown,60.705702,-147.929582,,,,,Sea Lion,,
UA_111206,F,5.18 months,2005,11,Specific locality unknown,60.705702,-147.929582,,,,,Sea Lion,,
UA_111208,M,9.7 months,2006,4,Specific locality unknown,60.872982,-147.440615,,,,,Sea Lion,,
UA_111209,M,5.23 months,2005,11,Specific locality unknown,60.705702,-147.929582,,,,,Sea Lion,,
UA_111213,F,5.23 months,2005,11,Specific locality unknown,60.705702,-147.929582,,,,,Sea Lion,,
UA_111214,M,10.13 months,2008,4,Specific locality unknown,60.872982,-147.440615,,,,,Sea Lion,,
UA_111217,F,9.8 months,2008,4,Specific locality unknown,60.872982,-147.440615,,,,,Sea Lion,,
UA_111218,M,4.95 months,2007,11,Specific locality unknown,60.705702,-147.929582,,,,,Sea Lion,,
UA_111220,M,4.95 months,2007,11,Specific locality unknown,60.705702,-147.929582,,,,,Sea Lion,,
UA_111224,F,5.01 months,2007,11,Specific locality unknown,60.705702,-147.929582,,,,,Sea Lion,,
UA_111226,M,9.83 months,2008,4,Specific locality unknown,60.872982,-147.440615,,,,,Sea Lion,,
UA_111227,M,5.01 months,2007,11,Specific locality unknown,60.705702,-147.929582,,,,,Sea Lion,,
UA_111229,M,5.08 months,2007,11,Specific locality unknown,60.705702,-147.929582,,,,,Sea Lion,,
UA_111236,F,5.08 months,2007,11,Specific locality unknown,60.705702,-147.929582,,,,,Sea Lion,,
UA_111240,F,5.11 months,2007,11,Specific locality unknown,60.705702,-147.929582,,,,,Sea Lion,,
UA_111241,F,10.03 months,2008,4,The Needle,60.11192,-147.601654,,,,,Sea Lion,,
UA_111242,M,5.11 months,2007,11,Specific locality unknown,60.705702,-147.929582,,,,,Sea Lion,,
UA_111245,F,5.15 months,2007,11,Specific locality unknown,60.872982,-147.440615,,,,,Sea Lion,,
UA_111246,F,9.77 months,2008,4,Specific locality unknown,60.872982,-147.440615,,,,,Sea Lion,,
UA_111247,F,5.15 months,2007,11,Specific locality unknown,60.872982,-147.440615,,,,,Sea Lion,,
UA_111249,M,9.8 months,2008,4,Specific locality unknown,60.872982,-147.440615,,,,,Sea Lion,,
UA_111250,M,5.15 months,2007,11,Specific locality unknown,60.872982,-147.440615,,,,,Sea Lion,,
UA_111253,M,5.18 months,2007,11,Specific locality unknown,60.872982,-147.440615,,,,,Sea Lion,,
UA_111254,M,9.83 months,2008,4,Specific locality unknown,60.872982,-147.440615,,,,,Sea Lion,,
UA_111255,F,5.18 months,2007,11,Specific locality unknown,60.872982,-147.440615,,,,,Sea Lion,,
UA_111256,M,5.21 months,2007,11,Specific locality unknown,60.705702,-147.929582,,,,,Sea Lion,,
UA_111262,F,5 months,2009,11,Specific locality unknown,58.643392,-136.044755,,,,,Sea Lion,,
UA_111263,F,5 months,2009,11,Specific locality unknown,58.643392,-136.044755,,,,,Sea Lion,,
UA_111264,F,5 months,2009,11,Specific locality unknown,58.643392,-136.044755,,,,,Sea Lion,,
UA_111265,M,17 months,2009,11,Specific locality unknown,58.643392,-136.044755,,,,,Sea Lion,,
UA_111267,M,5 months,2009,11,Specific locality unknown,58.643392,-136.044755,,,,,Sea Lion,,
UA_111268,M,17 months,2009,11,Specific locality unknown,58.643392,-136.044755,,,,,Sea Lion,,
UA_111271,F,17 months,2009,11,Specific locality unknown,58.643392,-136.044755,,,,,Sea Lion,,
UA_111272,F,5 months,2009,11,Specific locality unknown,58.643392,-136.044755,,,,,Sea Lion,,
UA_111273,M,5 months,2009,11,Specific locality unknown,58.643392,-136.044755,,,,,Sea Lion,,
UA_111275,M,5 months,2009,11,Specific locality unknown,58.643392,-136.044755,,,,,Sea Lion,,
UA_111279,F,5 months,2009,11,Specific locality unknown,58.643392,-136.044755,,,,,Sea Lion,,
UA_111280,M,5 months,2009,11,Specific locality unknown,58.643392,-136.044755,,,,,Sea Lion,,
UA_111282,M,5 months,2009,11,Specific locality unknown,58.643392,-136.044755,,,,,Sea Lion,,
UA_111283,F,5 months,2009,11,Specific locality unknown,58.643392,-136.044755,,,,,Sea Lion,,
UA_111289,M,5 months,2009,11,Specific locality unknown,58.643392,-136.044755,,,,,Sea Lion,,
UA_111293,M,9.67 months,2006,4,Specific locality unknown,60.872982,-147.440615,,,,,Sea Lion,,
UA_111294,M,2.32 months,2004,8,Sea Lion Rocks,54.801791,-133.523154,,,,,Sea Lion,,
UA_111296,M,2.28 months,2004,8,Shore 11 South,54.801791,-133.523154,,,,,Sea Lion,,
UA_111297,M,2.31 months,2004,8,North Rocks,54.834272,-133.530914,,,,,Sea Lion,,
UA_111298,M,3.02 months,2001,9,Specific locality unknown,54.209576,-164.824313,,,,,Sea Lion,,
UA_111299,M,4.95 months,2001,11,Specific locality unknown,60.705702,-147.929582,,,,,Sea Lion,,
UA_111301,M,9.73 months,2006,4,Specific locality unknown,60.872982,-147.440615,,,,,Sea Lion,,
UA_111304,F,5.11 months,2005,11,Specific locality unknown,60.705702,-147.929582,,,,,Sea Lion,,
UA_111305,F,10 months,2006,4,Specific locality unknown,60.872982,-147.440615,,,,,Sea Lion,,
UA_111306,F,5.11 months,2005,11,Specific locality unknown,60.705702,-147.929582,,,,,Sea Lion,,
UA_111308,F,4.92 months,2007,11,Specific locality unknown,60.705702,-147.929582,,,,,Sea Lion,,
UA_111309,F,5.21 months,2007,11,Specific locality unknown,60.705702,-147.929582,,,,,Sea Lion,,
UA_111310,M,8.33 months,2004,2,Specific locality unknown,58.562202,-134.910806,,,,,Sea Lion,,
UA_111316,M,8.3 months,2004,2,Specific locality unknown,58.562202,-134.910806,,,,,Sea Lion,,
UA_111317,M,4.63 months,2003,11,Little Island,58.54137,-135.045892,,,,,Sea Lion,,
UA_111321,F,5.07 months,2003,11,Specific locality unknown,60.705702,-147.929582,,,,,Sea Lion,,
UA_111322,M,5.03 months,2003,11,Specific locality unknown,60.705702,-147.929582,,,,,Sea Lion,,
UA_111324,F,5.03 months,2003,11,Specific locality unknown,60.705702,-147.929582,,,,,Sea Lion,,
UA_111329,F,5.05 months,2005,11,Specific locality unknown,60.705702,-147.929582,,,,,Sea Lion,,
UA_111330,M,9.6 months,2006,3,Specific locality unknown,60.872982,-147.440615,,,,,Sea Lion,,
UA_111332,F,4.95 months,2001,11,Specific locality unknown,60.705702,-147.929582,,,,,Sea Lion,,
UA_111336,M,4.95 months,2001,11,Specific locality unknown,60.705702,-147.929582,,,,,Sea Lion,,
UA_111342,F,17.23 months,2003,11,Specific locality unknown,60.705702,-147.929582,,,,,Sea Lion,,
UA_111343,M,17.23 months,2003,11,Specific locality unknown,60.705702,-147.929582,,,,,Sea Lion,,
UA_111344,M,8.4 months,2005,2,Specific locality unknown,60.872982,-147.440615,,,,,Sea Lion,,
UA_111345,M,7.33 months,2005,1,Specific locality unknown,60.705702,-147.929582,,,,,Sea Lion,,
UA_111346,U,0 months,2000,1,Billings Head,54.283539,-165.481323,,,,,Sea Lion,,
UA_111348,U,0 months,2000,1,Specific locality unknown,58.643392,-136.044755,,,,,Sea Lion,,
UA_111349,U,0 months,2000,1,Yunaska Island,52.631262,-170.696206,,,,,Sea Lion,,
UA_111353,U,0 months,2000,1,The Needle,60.11192,-147.601654,,,,,Sea Lion,,
UA_111355,U,0 months,2000,1,Little Island,58.54137,-135.045892,,,,,Sea Lion,,
UA_111356,U,0 months,2000,1,Sea Otter Island,58.52265,-152.217827,,,,,Sea Lion,,
UA_111704,M,,2006,1,"On beach, approximately one mile from school, Nazan Bay",52.2,-174.1,,,,,Sea Lion,,
UA_112633,U,pup,2000,1,Specific locality unknown,59.64146667,-149.6143056,,,pup,,Sea Lion,,
UA_112637,F,7 months,2000,1,Specific locality unknown,58.56250833,-134.9116389,,,,,Sea Lion,,
UA_113858,M,,2011,7,Glacier Bay,58.760837,-136.348303,,,,,Sea Lion,,
UA_11507,M,adult,1960,9,Akeftapak,63.70277778,-171.6577778,,,adult,,Sea Lion,,
UA_11508,F,neonate,1957,7,Seldovia,59.43333333,-151.7,,,neonate,,Sea Lion,,
UA_11509,F,first year,1966,5,Knik River,61.48333333,-149.2666667,,,first year,,Sea Lion,,
UA_120484,F,,2012,2,"Back of Little South America, Unalaska Bay, AK",53.895847,-166.513729,,,,,Sea Lion,,
UA_120684,M,pup,1987,12,Marmot Island,58.1997,-152.3961,,,pup,,Sea Lion,,
UA_120686,M,pup,1987,11,Marmot Island,58.207,-151.891,,,pup,,Sea Lion,,
UA_120703,M,pup,1963,7,"Zep reef rookery, St. Paul Island, Alaska",57.186672,-170.257474,640,total length,pup,,Sea Lion,,
UA_132241,M,neonate,2016,3,Natoa Island,59.640676,-149.608647,,,neonate,,Sea Lion,,
UA_132242,M,neonate,2016,6,"Seward, Alaska SeaLife Center, 301 Railway Avenue",60.099846,-149.44102,,,neonate,,Sea Lion,,
UA_134143,M,,2017,1,"Savoonga, St. Lawrence Island",63.694,-170.479,,,,,Sea Lion,,
UA_134694,M,juvenile,2011,6,Chiswell Island,59.642,-149.614,,,juvenile,,Sea Lion,,
UA_134695,F,8 days,2016,6,Chiswell Island,59.642,-149.614,,,,,Sea Lion,,
UA_1532,F,neonate,1953,6,,57.25,-170.5,,,neonate,,Sea Lion,,
UA_23417,M,adult,1993,5,Saint George (village),56.6,-169.5333333,,,adult,,Sea Lion,,
UA_30681,F,adult,1988,5,mouth of Copper River,60.3975753,-145.0277709,,,adult,,Sea Lion,,
UA_31904,F,,1995,1,Galena Bay; Ideal Beach,60.9413,-146.6667,,,,,Sea Lion,,
UA_31946,M,adult,1993,6,,57.16666667,-170.25,,,adult,,Sea Lion,,
UA_31948,F,,1994,6,,56.58333333,-169.5833333,,,,,Sea Lion,,
UA_31954,M,,1995,6,,56.58333333,-169.5833333,,,,,Sea Lion,,
UA_31956,U,,1995,6,,57.16666667,-170.25,,,,,Sea Lion,,
UA_31957,M,,1995,5,,57.16666667,-170.25,,,,,Sea Lion,,
UA_31960,U,,1995,6,,57.16666667,-170.25,,,,,Sea Lion,,
UA_31961,U,,1995,6,,57.16666667,-170.25,,,,,Sea Lion,,
UA_32733,M,,1994,6,,56.58333333,-169.5833333,,,,,Sea Lion,,
UA_3385,U,,1931,12,between Gambell and Boxer Bay,63,-170,,,,,Sea Lion,,
UA_33980,M,,1993,5,,57.16666667,-170.25,,,,,Sea Lion,,
UA_33981,M,,1994,10,,57.16666667,-170.25,,,,,Sea Lion,,
UA_41596,F,,1996,6,,54.85,-133.5333333,1000,total length,,,Sea Lion,,
UA_41597,F,,1996,6,,54.85,-133.5333333,940,total length,,,Sea Lion,,
UA_41598,M,,1996,6,,54.85,-133.5333333,1040,total length,,,Sea Lion,,
UA_41599,F,,1996,6,,54.85,-133.5333333,940,total length,,,Sea Lion,,
UA_43365,M,,1996,4,,57.16666667,-170.25,,,,,Sea Lion,,
UA_43366,M,,1996,1,,57.16666667,-170.25,,,,,Sea Lion,,
UA_43367,M,,1996,2,"English Bay, Zapadni",57.16666667,-170.25,,,,,Sea Lion,,
UA_43369,M,,1996,2,Reef Point,57.16666667,-170.25,,,,,Sea Lion,,
UA_43371,M,,1995,11,Dalmoi Point,56.58333333,-169.5833333,,,,,Sea Lion,,
UA_43372,M,,1996,3,NW rookery,56.58333333,-169.5833333,,,,,Sea Lion,,
UA_43373,F,,1996,6,Dalmoi Point,56.58333333,-169.5833333,,,,,Sea Lion,,
UA_43374,M,,1996,3,Dalnoi Point,56.58333333,-169.5833333,,,,,Sea Lion,,
UA_43375,F,,1995,8,,56.58333333,-169.5833333,,,,,Sea Lion,,
UA_44535,M,,1997,2,"Korovin Bay, north side at old harbor",52.25,-174.45,,,,,Sea Lion,,
UA_47292,M,,1997,5,,57.11666667,-170.2666667,,,,,Sea Lion,,
UA_47294,M,,1997,1,Zapadni Bay,56.56666667,-169.6833333,,,,,Sea Lion,,
UA_47298,F,,1997,4,Dalnoi Point,56.6,-169.7666667,,,,,Sea Lion,,
UA_47305,M,,1997,5,,57.11666667,-170.2666667,,,,,Sea Lion,,
UA_50536,M,,1964,5,Sugarloaf Island,58.88861111,-152.0386111,,,,,Sea Lion,,
UA_50539,M,,1964,5,Sugarloaf Island,58.88861111,-152.0386111,,,,,Sea Lion,,
UA_51657,F,,1995,1,specific locality unknown,54.13333333,-165.9166667,,,,,Sea Lion,,
UA_51673,M,1-3 years,1997,1,Zapadni Bay,56.56666667,-169.6833333,,,,,Sea Lion,,
UA_51802,F,,1994,4,"beach in Kiavak Bay, NW of Twoheaded Is.,E side of Kodiak",56.9,-153.5833333,,,,,Sea Lion,,
UA_56103,M,,1998,5,Northeast Point,57.24722222,-170.0972222,,,,,Sea Lion,,
UA_62412,M,juvenile,1999,10,Northeast Point,57.24722222,-170.0972222,,,juvenile,,Sea Lion,,
UA_62415,U,juvenile,1999,10,Northeast Point,57.24722222,-170.0972222,,,juvenile,,Sea Lion,,
UA_62416,U,,2000,3,Reef Point,57.16666667,-170.25,,,,,Sea Lion,,
UA_62890,F,,2001,2,Glacier Island,60.86666667,-147.2,,,,,Sea Lion,,
UA_62893,F,,2001,2,Glacier Island,60.86666667,-147.2,,,,,Sea Lion,,
UA_62894,M,,2001,2,Glacier Island,60.86666667,-147.2,,,,,Sea Lion,,
UA_63070,M,,1994,7,Strawberry Reef,60,-144,2010,total length,,,Sea Lion,,
UA_67686,F,,1997,2,"Korovin Bay, north side at old harbor",52.25,-174.45,,,,,Sea Lion,,
UA_67687,M,,1997,3,Dalnoi Point,56.58333333,-169.5833333,,,,,Sea Lion,,
UA_70789,M,,1999,5,Saint Paul Island,57.16666667,-170.25,,,,,Sea Lion,,
UA_72007,M,,1999,4,Dalnoi Point,56.58333333,-169.5833333,,,,,Sea Lion,,
UA_72008,U,,1999,1,,57.16666667,-170.25,,,,,Sea Lion,,
UA_7236,M,first year,1880,1,Kukak Bay,58.31666667,-154.1,,,first year,,Sea Lion,,
UA_73069,M,Juvenile,1998,1,Northeast Point,57.24722222,-170.0972222,,,,,Sea Lion,,
UA_73072,U,,1998,10,Northeast Point,57.24722222,-170.0972222,,,,,Sea Lion,,
UA_73073,U,,1998,1,specific locality not recorded,57.18164444,-170.2764761,,,,,Sea Lion,,
UA_73074,M,,1998,10,Saint Paul Island,57.16666667,-170.25,,,,,Sea Lion,,
UA_79777,M,,1998,5,Reef,57.10833333,-170.2916667,,,,,Sea Lion,,
UA_79778,M,,1999,3,specific locality not recorded,57.18164444,-170.2764761,,,,,Sea Lion,,
UA_79788,F,,1998,1,Dalnoi Point,56.6,-169.7666667,,,,,Sea Lion,,
UA_83386,M,,2000,4,"Yakutat, Akwe River Beach",59.25027778,-138.9338889,,,,,Sea Lion,,
UA_83390,M,,2000,4,Reef Point,57.10833333,-170.2916667,,,,,Sea Lion,,
UA_83392,F,,1999,11,specific locality unknown,57.16666667,-170.25,,,,,Sea Lion,,
UA_83509,U,,1998,5,Saint Paul Island,57.16666667,-170.25,,,,,Sea Lion,,
UA_85049,M,subadult,2008,6,southwest shore of island,58.270556,-134.505833,,,subadult,,Sea Lion,,
UA_85051,M,juvenile,2005,2,specific locality unknown,60.70678056,-147.9236361,,,juvenile,,Sea Lion,,
UA_85082,M,adult,2009,5,Yakutat,59.5432,-139.86126,3048,total length,adult,,Sea Lion,,
UA_85094,M,yearling,2009,8,north of island,59.789289,-139.770437,1620,total length,yearling,,Sea Lion,,
UA_85501,M,,2005,4,Lake Point,51.62459583,-176.98479,1930,total length,,,Sea Lion,,
UA_85506,M,fetus,2004,3,SSL haulout,57.29254361,-133.8531144,,,fetus,,Sea Lion,,
UA_85508,F,juvenile,2005,3,southeast of island,58.56229667,-134.9099028,1450,total length,juvenile,,Sea Lion,,
UA_85510,F,fetus,2004,3,SSL haulout,58.56229667,-134.9099028,750,total length,fetus,,Sea Lion,,
UA_85799,M,,2005,1,Benjamen Island,58.56198333,-134.9097833,,,,,Sea Lion,,
UA_85800,U,juvenile,2005,6,Hazy Islands,58.56198333,-134.9097833,,,juvenile,,Sea Lion,,
UA_86869,M,,2006,5,"Craig, in harbor.",55.4765186,-133.1350708,,,,,Sea Lion,,
UA_86875,U,,2006,1,Glacier Bay National Park and Preserve,58.75958333,-136.3476389,,,,,Sea Lion,,
UA_86877,M,adult,2006,10,Memorial Beach Picnic Area east of Point Baker,56.353,-133.6214167,2438,total length,adult,,Sea Lion,,
UA_86989,M,adult,2006,1,"Mayflower Beach, Kalsin Bay",57.596587,-152.4497222,3200.4,total length,adult,,Sea Lion,,
UA_87338,M,subadult,2006,4,Whittier boat ramp,60.76666667,-148.6666667,,,subadult,,Sea Lion,,
UA_87364,F,adult,2007,6,specific locality unknown,52.9025,172.9094444,,,adult,,Sea Lion,,
UA_87549,M,juvenile,2007,6,Billings Head,54.28371306,-165.4820056,1120,total length,juvenile,,Sea Lion,,
UA_89293,M,juvenile,2004,10,specific locality unknown,58.56248444,-134.9107731,,,juvenile,,Sea Lion,,
UA_92526,M,,1998,10,Resurrection Bay,60.00611111,-149.3694444,,,,,Sea Lion,,
UA_92530,M,,1999,8,specific locality unknown,59.85944444,-149.3797222,,,,,Sea Lion,,
UA_92548,U,,2003,8,"Dutch Harbor, across from Priest Rock",53.91666667,-166.505,1829,total length,,,Sea Lion,,
UA_92554,F,,2000,10,specific locality unknown,60.88275,-147.2044328,,,,,Sea Lion,,
UA_97382,M,8,2002,3,specific locality not recorded,57.17994367,-170.2651938,,,,,Sea Lion,,
UA_97383,M,juvenile,2003,4,Schnag,57.17994367,-170.2651938,,,juvenile,,Sea Lion,,
UA_97385,M,juvenile,2003,10,Polovina Cliffs,57.17994367,-170.2651938,,,juvenile,,Sea Lion,,
UA_97386,M,juvenile,2003,11,Vostochi,57.17994367,-170.2651938,,,juvenile,,Sea Lion,,
UA_97387,M,juvenile,2003,11,Vostochi,57.17994367,-170.2651938,,,juvenile,,Sea Lion,,
UA_97388,M,juvenile,2003,11,Morjoui,57.17994367,-170.2651938,,,juvenile,,Sea Lion,,
UA_97389,F,juvenile,2004,2,specific locality not recorded,57.17994367,-170.2651938,,,juvenile,,Sea Lion,,
UA_97390,M,,2004,3,specific locality not recorded,57.17994367,-170.2651938,,,,,Sea Lion,,
UA_97392,M,juvenile,2001,9,NE point Sea Lion neck,57.247,-170.097,,,juvenile,,Sea Lion,,
UA_97394,M,,2002,4,near Reef Island,60.84968417,-146.8284617,1860,total length,,,Sea Lion,,
UA_97396,F,,2002,4,Tatitlek,60.87070306,-146.6758353,2440,total length,,,Sea Lion,,
UA_97397,M,,2001,5,specific locality not recorded,57.18164444,-170.2764761,,,,,Sea Lion,,
UA_97400,M,adult,2003,11,Sand Point,55.3188,-160.3991619,,,adult,,Sea Lion,,
UA_97404,M,juvenile,2004,6,"North Rocks, Forrester Island complex",54.875,-133.563,,,juvenile,,Sea Lion,,
UA_97568,F,,2000,4,Three sisters,57.2,-153.3,,,,,Sea Lion,,
UA_97575,U,,1995,1,unknown,57.18164444,-170.2764761,,,,,Sea Lion,,
UA_97609,M,yearling,1999,4,North Side of Big Rock,57.18164444,-170.2764761,,,yearling,,Sea Lion,,
UA_97611,M,yearling,2000,4,Favorite Bay,57.5,-134.55,,,yearling,,Sea Lion,,
UA_97881,M,,1975,7,Nanvak Bay,58.60888889,-161.7347222,,,,,Sea Lion,,
UA_97897,M,,1995,11,specific locality unknown,57,-170,,,,,Sea Lion,,
UA_99636,M,juvenile,2005,6,Graves Rock,58.24813333,-136.75575,,,juvenile,,Sea Lion,,
UA_99917,U,juvenile,1996,6,not recorded,54.85,-133.5333333,,,juvenile,,Sea Lion,,
UA_117933,M,,1995,5,"St. Paul Island, Alaska,USA",57.16666667,-170.25,,,,,Sea Lion,,
UA_118782,M,immature,2013,8,Uganik Bay,57.7550941,-153.368353,1065,total length,immature,,Sea Lion,,
UA_118783,M,pup,2012,1,Homer,59.631565,-151.494091,,,pup,,Sea Lion,,
UA_118784,M,,2012,6,Sitka,57.0861,-135.3855,,,,,Sea Lion,,
UA_118790,M,juvenile,2011,7,Chiswell Island,59.6,-149.56,,,juvenile,,Sea Lion,,
UA_118803,M,,2013,5,Seward,60.099961,-149.440708,,,,,Sea Lion,,
UA_134119,F,adult,2016,3,"S. Point Higgins, Ketchikan",55.44455,-131.819,,,adult,,Sea Lion,,
UA_137148,M,,2013,4,"Cape USAt Hanlont, Kodiak Island",58.51883,-153.84778,,,,,Sea Lion,,
UA_1528,M,yearling,1953,6,Lukanin Bay,57.14166667,-170.2333333,,,yearling,,Sea Lion,,
UA_24982,M,,1994,10,,57.12222222,-170.275,,,,,Sea Lion,,
UA_30176,M,,1994,5,,57.12222222,-170.275,,,,,Sea Lion,,
UA_30181,M,,1994,5,,57.12222222,-170.275,,,,,Sea Lion,,
UA_31916,F,adult,1994,5,,57.12222222,-170.275,,,adult,,Sea Lion,,
UA_32730,M,juvenile,1994,5,,57.12222222,-170.275,,,juvenile,,Sea Lion,,
UA_41945,M,fetus,1971,4,,57.08333333,-169.7933333,813,total length,fetus,,Sea Lion,,
UA_53761,M,,1993,8,"seaward shore, W side of Island, W side of Copper River Delta",60.355,-145.8366667,178,total length,,,Sea Lion,,
UA_56104,M,,1998,5,Saint Paul Island reef,58.10833333,-170.2916667,,,,,Sea Lion,,
UA_56106,M,,1998,5,Kitovi,57.125,-170.2555556,,,,,Sea Lion,,
UA_mm:252,M,,2018,8,Utqiaƒ°vik,71.32,-156.706,,,,,Sea Lion,,
UA_127672,F,,2015,9,"2-3 miles NW Parking lot Bishop Beach, Kachemak Bay",59.6474,-151.6242,,,,,Sea Lion,,
UA_134116,F,,2016,2,Cannery Point Tenakee,57.463213,-135.41759,,,,,Sea Lion,,
UA_137785,M,fetus,2012,4,"Cape Ugat haulout, Kodiak Island",57.87333,-153.84814,,,fetus,,Sea Lion,,
UA_138079,F,neonate,2017,5,Chiswell Islands,59.643807,-149.614353,,,neonate,,Sea Lion,,
UA_138333,M,subadult,2018,6,"Round Island, Flat Rock",58.611403,-159.980836,,,,,Sea Lion,,
UA_30177,F,,1994,5,,57.12222222,-170.275,,,,,Sea Lion,,
UA_30178,M,,1994,5,,57.12222222,-170.275,,,,,Sea Lion,,
UA_30179,M,,1994,5,,57.12222222,-170.275,,,,,Sea Lion,,
UA_30180,M,,1994,5,,57.12222222,-170.275,,,,,Sea Lion,,
UA_31965,M,,1994,10,,57.12222222,-170.275,,,,,Sea Lion,,
UA_32731,M,juvenile,1994,5,,57.12222222,-170.275,,,juvenile,,Sea Lion,,
UA_53770,F,,1993,5,"seaward shore of Island, Copper River Delta",60.28,-145.4616667,,,,,Sea Lion,,
UA_56102,M,,1998,5,Zapadni Rookery,57.14722222,-170.3333333,,,,,Sea Lion,,
UA_56105,M,,1998,5,Lukanin Bay,57.14166667,-170.2333333,,,,,Sea Lion,,
UA_110731,F,22.76 months,2000,4,Point Elrington,,,,,,,Sea Lion,,
UA_110819,M,10.91 months,2001,5,Specific locality unknown,,,,,,,Sea Lion,,
UA_110820,F,10.91 months,2001,5,Specific locality unknown,,,,,,,Sea Lion,,
UA_110821,F,10.91 months,2001,5,Specific locality unknown,,,,,,,Sea Lion,,
UA_110823,M,10.91 months,2001,5,Specific locality unknown,,,,,,,Sea Lion,,
UA_110824,M,10.98 months,2001,5,Specific locality unknown,,,,,,,Sea Lion,,
UA_110826,M,10.98 months,2001,5,Specific locality unknown,,,,,,,Sea Lion,,
UA_110863,M,2.92 months,2001,9,specific locality unknown,,,,,,,Sea Lion,,
UA_110864,M,2.92 months,2001,9,specific locality unknown,,,,,,,Sea Lion,,
UA_110867,M,2.92 months,2001,9,specific locality unknown,,,,,,,Sea Lion,,
UA_110933,M,11.28 months,2002,5,Point Elrington,,,,,,,Sea Lion,,
UA_110934,F,11.28 months,2002,5,Point Elrington,,,,,,,Sea Lion,,
UA_110935,M,11.28 months,2002,5,Point Elrington,,,,,,,Sea Lion,,
UA_110936,M,11.28 months,2002,5,Point Elrington,,,,,,,Sea Lion,,
UA_111061,M,8.4 months,2004,2,Specific locality unknown,,,,,,,Sea Lion,,
UA_111062,M,8.4 months,2004,2,Specific locality unknown,,,,,,,Sea Lion,,
UA_111063,M,20.57 months,2004,2,Specific locality unknown,,,,,,,Sea Lion,,
UA_112613,U,,2003,7,Specific locality unknown,,,,,,,Sea Lion,,
UA_112638,U,,2000,1,Specific locality unknown,,,,,,,Sea Lion,,
UA_112646,U,fetus,2005,2,Specific locality unknown,,,,,fetus,,Sea Lion,,
UA_112648,U,fetus,2005,2,Specific locality unknown,,,,,fetus,,Sea Lion,,
UA_112665,U,,2000,1,Specific locality unknown,,,,,,,Sea Lion,,
UA_11503,F,,1880,1,,,,,,,,Sea Lion,,
UA_11506,M,adult,1880,1,specific locality unknown,,,,,adult,,Sea Lion,,
UA_115658,F,,1979,1,Specific locality unknown,,,,,,,Sea Lion,,
UA_115660,F,fetus,1988,1,Specific locality unknown,,,,,fetus,,Sea Lion,,
UA_117579,M,fetus,2005,1,specific locality unknown,,,1000,total length,fetus,,Sea Lion,,
UA_44534,M,,1995,9,,,,,,,,Sea Lion,,
UA_4508,M,adult,1900,1,specific locality unknown,,,,,adult,,Sea Lion,,
UA_5217,M,adult,1880,1,Bristol Bay; perhaps Cold Bay,,,,,adult,,Sea Lion,,
UA_87399,U,fetus,2006,3,Benjamin Island,,,560,total length,fetus,,Sea Lion,,
UA_100204,F,fetus,2006,3,Benjamin Island,,,640,total length,fetus,,Sea Lion,,
UA_110289,F,neonate,2008,6,Bering Strait District: Vicinity of the Kukpuk River,,,,,neonate,,Sea Lion,,
UA_110336,M,adult,2008,7,Bering Strait District: Vicinity of the Kukpuk River,,,2840,total length,adult,,Sea Lion,,
UA_110822,M,10.91 months,2001,5,Specific locality unknown,,,,,,,Sea Lion,,
UA_110825,F,10.98 months,2001,5,Specific locality unknown,,,,,,,Sea Lion,,
UA_110827,F,11.01 months,2001,5,Specific locality unknown,,,,,,,Sea Lion,,
UA_110862,M,2.92 months,2001,9,specific locality unknown,,,,,,,Sea Lion,,
UA_110865,M,2.92 months,2001,9,specific locality unknown,,,,,,,Sea Lion,,
UA_110866,F,2.92 months,2001,9,specific locality unknown,,,,,,,Sea Lion,,
UA_112611,U,fetus,2003,9,Specific locality unknown,,,,,fetus,,Sea Lion,,
UA_112626,U,fetus,2000,1,Specific locality unknown,,,,,fetus,,Sea Lion,,
UA_112641,U,fetus,2003,9,Specific locality unknown,,,,,fetus,,Sea Lion,,
UA_112645,U,,2004,3,Specific locality unknown,,,,,,,Sea Lion,,
UA_112666,U,pup,2004,3,Specific locality unknown,,,,,pup,,Sea Lion,,
UA_115659,F,fetus,1988,1,Specific locality unknown,,,,,fetus,,Sea Lion,,
UA_115661,M,,2008,10,Specific locality unknown,,,,,,,Sea Lion,,
UA_115664,N,,2008,9,Specific locality unknown,,,,,,,Sea Lion,,
UA_134120,F,,2005,3,USA/Alaska,,,704,total length,,,Sea Lion,,
UA_37032,F,,1975,1,Cordova area,,,,,,,Sea Lion,,
UA_43376,M,,1994,5,,,,,,,,Sea Lion,,
UA_43381,F,,1996,1,,,,,,,,Sea Lion,,
UA_44533,M,,1996,1,,,,,,,,Sea Lion,,
UA_5216,M,adult,1880,1,Bristol Bay - Specific locality unknown.,,,,,adult,,Sea Lion,,
UA_67097,M,,1880,1,specific locality unknown,,,,,,,Sea Lion,,